Title,Star,Ratings,Reviews,Selling Price,Market Price,Discount,RAM,ROM
"OPPO Reno8 5G (Shimmer Black, 128 GB)",4.3,"29,597 ","3,902 ","₹29,999","₹31,999",23% off,8 GB   , 128 GB  
"OPPO Reno8 5G (Shimmer Gold, 128 GB)",4.3,"29,597 ","3,902 ","₹29,999","₹31,999",23% off,8 GB   , 128 GB  
"MOTOROLA Edge 30 (Meteor Grey, 128 GB)",4.1,"3,007 ",459 ,"₹26,999","₹31,999",22% off,8 GB   , 128 GB  
"Xiaomi 11i Hypercharge 5G (Pacific Pearl, 128 GB)",4.2,"6,130 ",683 ,"₹27,999","₹31,999",17% off,8 GB   , 128 GB   
"MOTOROLA Edge 30 (Aurora Green, 128 GB)",4.1,"3,007 ",459 ,"₹26,999","₹31,999",22% off,8 GB   , 128 GB  
"Nothing Phone (1) (Black, 128 GB)",4.3,"34,384 ","4,732 ","₹29,999","₹31,999",21% off,8 GB   , 128 GB  
"SAMSUNG M53 5G (Mystique Green, 128 GB)",4.1,80 ,2 ,"₹26,990","₹31,999",15% off,8 GB   , 128 GB  
"vivo V23e 5G (Midnight Blue, 128 GB)",4.2,"1,619 ",154 ,"₹22,849","₹31,999",None,8 GB   , 128 GB   
"Xiaomi 11i 5G (Stealth Black, 128 GB)",4.2,"19,804 ","2,492 ","₹26,999","₹31,999",15% off,8 GB   , 128 GB   
"vivo V23e 5G (Sunshine Gold, 128 GB)",4.2,"1,619 ",154 ,"₹23,889","₹31,999",4% off,8 GB   , 128 GB   
"Redmi Note 11 PRO Plus 5G (Stealth Black, 256 GB)",4.2,"2,191 ",200 ,"₹23,949","₹31,999",4% off,8 GB   , 256 GB  
"Xiaomi 11i Hypercharge 5G (Camo Green, 128 GB)",4.2,"6,130 ",683 ,"₹27,999","₹31,999",17% off,8 GB   , 128 GB   
"POCO F3 GT 5G (Gunmetal Silver, 128 GB)",4.3,"4,664 ",755 ,"₹28,999","₹31,999",12% off,6 GB   , 128 GB  
"realme 9 Pro+ 5G (Sunrise Blue, 128 GB)",4.4,"25,874 ","2,961 ","₹27,000","₹31,999",9% off,8 GB   , 128 GB  
"realme 9 Pro+ 5G (Midnight Black, 128 GB)",4.4,"25,874 ","2,961 ","₹27,000","₹31,999",9% off,8 GB   , 128 GB  
"Xiaomi 11i Hypercharge 5G (Stealth Black, 128 GB)",4.2,"6,130 ",683 ,"₹27,999","₹31,999",17% off,8 GB   , 128 GB   
"POCO F4 5G (Night Black, 128 GB)",4.3,"3,980 ",552 ,"₹29,999","₹31,999",14% off,8 GB   , 128 GB  
"POCO F4 5G (Night Black, 128 GB)",4.3,"10,955 ","1,569 ","₹27,999","₹31,999",15% off,6 GB   , 128 GB  
"SAMSUNG Galaxy A33 (Awesome Peach, 128 GB)",4.1,"1,286 ",133 ,"₹25,999","₹31,999",21% off,6 GB   , 128 GB   
"vivo V25 5G (Elegant Black, 128 GB)",4.3,"5,178 ",528 ,"₹27,999","₹31,999",15% off,8 GB   , 128 GB  
"vivo V25 5G (Surfing Blue, 128 GB)",4.3,"5,178 ",528 ,"₹27,999","₹31,999",15% off,8 GB   , 128 GB  
"Xiaomi 11i 5G (Purple Mist, 128 GB)",4.2,"19,804 ","2,492 ","₹26,999","₹31,999",15% off,8 GB   , 128 GB   
"realme 9 Pro+ 5G (Midnight Black, 256 GB)",4.4,"25,874 ","2,961 ","₹28,999","₹31,999",9% off,8 GB   , 256 GB  
"realme 9 Pro+ 5G (Sunrise Blue, 256 GB)",4.4,"25,874 ","2,961 ","₹28,999","₹31,999",9% off,8 GB   , 256 GB  
"Xiaomi 11i Hypercharge 5G (Stealth Black, 128 GB)",4.2,"6,130 ",683 ,"₹27,999","₹32,990",17% off,8 GB   , 128 GB   
"realme 9 Pro+ 5G (Aurora Green, 128 GB)",4.4,"25,874 ","2,961 ","₹27,000","₹32,990",9% off,8 GB   , 128 GB  
"realme GT Neo 3T (Shade Black, 128 GB)",4.3,"10,150 ","1,214 ","₹29,999","₹32,990",14% off,6 GB   , 128 GB  
"realme GT Neo 3T (Drifting White, 128 GB)",4.3,"10,150 ","1,214 ","₹29,999","₹32,990",14% off,6 GB   , 128 GB  
"IQOO 7 5G (Storm Black, 256 GB)",4.5,74 ,10 ,"₹27,990","₹32,990",None,12 GB   , 256 GB  
"realme GT Neo 3T (Dash Yellow, 128 GB)",4.3,"10,150 ","1,214 ","₹29,999","₹32,990",14% off,6 GB   , 128 GB  
"Xiaomi 11i 5G (Pacific Pearl, 128 GB)",4.2,"19,804 ","2,492 ","₹26,999","₹32,990",15% off,8 GB   , 128 GB   
"SAMSUNG Galaxy A52s 5G (Awesome Violet, 128 GB)",4.2,958 ,118 ,"₹30,990","₹32,990",None,6 GB   , 128 GB   
"Xiaomi 11Lite NE (Tuscany Coral, 128 GB)",4.2,"1,431 ",155 ,"₹24,990","₹32,990",6% off,8 GB   , 128 GB   
"SAMSUNG M53 5G (Emerald Brown, 128 GB)",4.1,80 ,2 ,"₹27,590","₹32,990",None,8 GB   , 128 GB  
"POCO F3 GT 5G (Predator Black, 128 GB)",4.3,"4,664 ",755 ,"₹28,999","₹32,990",12% off,6 GB   , 128 GB  
"OPPO F21s Pro 5G (Starlight Black, 128 GB)",4.2,151 ,12 ,"₹25,999","₹32,990",None,8 GB   , 128 GB   
"REDMI K50i (Quick Silver, 128 GB)",4.2,256 ,21 ,"₹24,489","₹32,990",2% off,6 GB   , 128 GB  
"Redmi Note 11 PRO Plus 5G (PHANTOM WHITE, 256 GB)",4.2,"2,191 ",200 ,"₹23,698","₹32,990",None,8 GB   , 256 GB  
"OPPO Reno7 5G (Startrails Blue, 256 GB)",4.2,"16,007 ","2,077 ","₹28,999","₹32,990",23% off,8 GB   , 256 GB   
"OPPO Reno7 5G (Starry Black, 256 GB)",4.2,"16,007 ","2,077 ","₹28,999","₹32,990",23% off,8 GB   , 256 GB   
"OPPO F21 Pro 5G (Cosmic Black, 128 GB)",4.2,864 ,81 ,"₹25,999","₹32,990",18% off,8 GB   , 128 GB  
"OPPO F21 Pro 5G (Rainbow Spectrum, 128 GB)",4.2,864 ,81 ,"₹25,999","₹32,990",18% off,8 GB   , 128 GB  
"OPPO Reno8 5G (Shimmer Black, 128 GB)",4.3,"29,597 ","3,902 ","₹29,800","₹32,990",None,8 GB   , 128 GB  
"POCO F4 5G (Nebula Green, 128 GB)",4.3,"10,955 ","1,569 ","₹27,999","₹32,990",15% off,6 GB   , 128 GB  
"Redmi Note 11 PRO Plus 5G (Stealth Black, 256 GB)",4.2,"2,191 ",200 ,"₹23,950","₹32,990",1% off,8 GB   , 256 GB  
"realme X7 Max (Asteroid Black, 128 GB)",4.4,"34,462 ","4,749 ","₹26,999","₹32,990",10% off,8 GB   , 128 GB  
"realme GT Master Edition (Luna White, 256 GB)",4.3,"61,363 ","6,541 ","₹29,999","₹32,990",6% off,8 GB   , 256 GB  
"vivo V21 5G (Sunset Dazzle, 128 GB)",4.3,"17,024 ","1,699 ","₹27,990","₹32,990",15% off,8 GB   , 128 GB  
"OPPO F21 Pro 5G (Rainbow Spectrum, 128 GB)",4.2,864 ,81 ,"₹25,999","₹23,490",18% off,8 GB   , 128 GB  
"OPPO Reno8 5G (Shimmer Black, 128 GB)",4.3,"29,597 ","3,902 ","₹29,800","₹23,490",None,8 GB   , 128 GB  
"Redmi Note 11 PRO Plus 5G (Stealth Black, 256 GB)",4.2,"2,191 ",200 ,"₹23,950","₹23,490",1% off,8 GB   , 256 GB  
"POCO F4 5G (Nebula Green, 128 GB)",4.3,"10,955 ","1,569 ","₹27,999","₹23,490",15% off,6 GB   , 128 GB  
"realme GT Master Edition (Luna White, 256 GB)",4.3,"61,363 ","6,541 ","₹29,999","₹23,490",6% off,8 GB   , 256 GB  
"vivo V21 5G (Sunset Dazzle, 128 GB)",4.3,"17,024 ","1,699 ","₹27,990","₹23,490",15% off,8 GB   , 128 GB  
"realme X7 Max (Asteroid Black, 128 GB)",4.4,"34,462 ","4,749 ","₹26,999","₹23,490",10% off,8 GB   , 128 GB  
"vivo V21 5G (Arctic White, 128 GB)",4.3,"17,024 ","1,699 ","₹29,990","₹23,490",9% off,8 GB   , 128 GB  
"vivo V21 5G (Dusk Blue, 128 GB)",4.3,"17,024 ","1,699 ","₹27,990","₹23,490",15% off,8 GB   , 128 GB  
"OPPO Reno6 5G (Aurora, 128 GB)",4.3,"53,271 ","6,874 ","₹29,990","₹23,490",16% off,8 GB   , 128 GB  
"Mi 11 Lite (Vinyl Black, 128 GB)",4.2,"5,987 ",612 ,"₹21,999","₹23,490",15% off,8 GB   , 128 GB   
"Mi 11X (Lunar White, 128 GB)",4.2,"2,741 ",267 ,"₹26,899","₹23,490",3% off,6 GB   , 128 GB  
"Mi 10T (Cosmic Black, 128 GB)",4.2,"4,019 ",565 ,"₹35,999","₹23,490",10% off,6 GB   , 128 GB  
"POCO F4 5G (Nebula Green, 128 GB)",4.3,"3,980 ",552 ,"₹29,999","₹23,490",14% off,8 GB   , 128 GB  
"POCO F3 GT 5G (Predator Black, 128 GB)",4.3,"14,777 ","1,931 ","₹28,999","₹23,490",17% off,8 GB   , 128 GB  
"realme X7 Pro 5G (Fantasy, 128 GB)",4.3,"12,637 ","1,601 ","₹30,000","₹23,490",9% off,8 GB   , 128 GB  
"vivo V23 5G (Sunshine Gold, 128 GB)",4.4,"25,426 ","2,925 ","₹29,990","₹23,490",14% off,8 GB   , 128 GB  
"vivo V21 5G (Neon Spark, 128 GB)",4.3,"17,024 ","1,699 ","₹29,990","₹23,490",None,8 GB   , 128 GB  
"SAMSUNG M53 5G (Mystique Green, 128 GB)",4.2,275 ,29 ,"₹25,990","₹23,490",None,6 GB   , 128 GB  
"Xiaomi 11Lite NE (Jazz Blue, 128 GB)",4.2,"1,431 ",155 ,"₹23,290","₹23,490",None,8 GB   , 128 GB   
"SAMSUNG Galaxy A52s 5G (Awesome Mint, 128 GB)",4.2,"2,567 ",327 ,"₹34,999","₹23,490",None,8 GB   , 128 GB  
"SAMSUNG M53 5G (Mystique Green, 128 GB)",4.1,80 ,2 ,"₹27,987","₹23,490",None,8 GB   , 128 GB  
"Redmi K20 Pro (Glacier Blue, 128 GB)",4.5,"83,305 ","9,978 ","₹28,999","₹23,490",None,6 GB   , 128 GB  
"SAMSUNG M53 5G (Deep Ocean Blue, 128 GB)",4.1,80 ,2 ,"₹27,988","₹23,490",None,8 GB   , 128 GB  
"IQOO Z6 Pro 5G (Legion Sky, 256 GB)",4.3,91 ,9 ,"₹28,990","₹27,990",3% off,12 GB   , 256 GB  
"realme GT Master Edition (Daybreak Blue, 256 GB)",4.3,"61,363 ","6,541 ","₹29,999","₹27,990",6% off,8 GB   , 256 GB  
"MOTOROLA Edge 20 Pro 5G (Iridescent Cloud, 128 GB)",4,"3,084 ",572 ,"₹29,999","₹27,990",34% off,8 GB   , 128 GB  
"11 Lite NE (Tuscany Coral, 128 GB)",4.2,16 ,2 ,"₹25,000","₹27,990",3% off,8 GB   , 128 GB  
"IQOO Neo 6 5G (Dark Nova, 128 GB)",4.4,511 ,63 ,"₹29,990","₹27,990",None,8 GB   , 128 GB  
"Xiaomi 11Lite NE (Tuscany Coral, 128 GB)",4.2,"3,169 ",358 ,"₹23,490","₹27,990",6% off,6 GB   , 128 GB   
"OPPO Reno6 5G (Stellar Black, 128 GB)",4.3,"53,271 ","6,874 ","₹29,990","₹27,990",16% off,8 GB   , 128 GB  
"SAMSUNG Galaxy A33 (Awesome Peach, 128 GB)",4.1,742 ,80 ,"₹27,990","₹27,990",None,8 GB   , 128 GB   
"REDMI K50i 5G (Stealth Black, 128 GB)",4.2,698 ,102 ,"₹24,990","₹27,990",None,6 GB   , 128 GB  
"realme RMX3392 (Aurora Green, 128 GB)",None,None,Non,"₹26,999","₹27,990",None,8 GB   , 128 GB  
"realme X2 Pro (Lunar White, 64 GB)",4.5,"1,126 ",171 ,"₹29,999","₹27,990",None,6 GB   , 64 GB  
"vivo V15 (Frozen Black, 64 GB)",4.5,"36,697 ","2,973 ","₹26,990","₹27,990",None,6 GB   , 64 GB   
"Nokia 8.1 (Iron, 64 GB)",4.3,"9,008 ","1,411 ","₹28,831","₹27,990",None,4 GB   , 64 GB   
"Redmi K20 Pro (Flame Red, 128 GB)",4.5,"83,305 ","9,978 ","₹28,999","₹27,990",None,6 GB   , 128 GB  
"POCO F3 GT 5G (Gunmetal Silver, 128 GB)",4.3,"4,664 ",755 ,"₹28,999","₹27,990",12% off,6 GB   , 128 GB  
"REDMI K50i (Phantom Blue, 256 GB)",4.3,238 ,32 ,"₹29,850","₹27,990",None,8 GB   , 256 GB  
"Mi 11X (Cosmic Black, 128 GB)",4.2,"2,307 ",235 ,"₹27,990","₹27,990",None,8 GB   , 128 GB  
"OPPO F21s Pro 5G (Dawnlight Gold, 128 GB)",4.2,151 ,12 ,"₹25,979","₹27,990",6% off,8 GB   , 128 GB   
"realme X7 Max (Mercury Silver, 128 GB)",4.4,"34,462 ","4,749 ","₹26,999","₹27,990",10% off,8 GB   , 128 GB  
"vivo V17 (Midnight Ocean Black, 128 GB)",4.5,"8,579 ",777 ,"₹26,599","₹27,990",4% off,8 GB   , 128 GB   
"SAMSUNG M53 5G (Emerald Brown, 128 GB)",4.2,275 ,29 ,"₹29,990","₹27,990",None,6 GB   , 128 GB  
"vivo V11 Pro (Starry Night Black, 64 GB)",4.5,"29,120 ","3,046 ","₹28,990","₹27,990",None,6 GB   , 64 GB   
"OPPO F11 Pro (Thunder Black, 128 GB)",4.5,"1,28,168 ","12,030 ","₹29,990","₹27,990",None,6 GB   , 128 GB   
"Mi 11X (Lunar White, 128 GB)",4.2,"2,307 ",235 ,"₹28,999","₹27,990",None,8 GB   , 128 GB  
"Mi 11X (Cosmic Black, 128 GB)",4.2,"2,741 ",267 ,"₹26,490","₹29,999",None,6 GB   , 128 GB  
"Mi 10T (Cosmic Black, 128 GB)",4.1,"3,647 ",462 ,"₹37,999","₹29,999",11% off,8 GB   , 128 GB  
"SAMSUNG Galaxy A52 (Awesome Blue, 128 GB)",4.3,"2,094 ",260 ,"₹25,499","₹29,999",None,6 GB   , 128 GB   
"vivo V17 (Glacier ice white, 128 GB)",4.5,"8,579 ",777 ,"₹26,599","₹29,999",4% off,8 GB   , 128 GB   
"OPPO F9 Pro (Starry Purple, 64 GB)",4.5,"29,514 ","3,018 ","₹25,990","₹29,999",None,6 GB   , 64 GB   
"SAMSUNG Galaxy M52 5G (Icy Blue, 128 GB)",4.2,"1,358 ",148 ,"₹26,990","₹29,999",None,8 GB   , 128 GB   
"realme X3 (Arctic White, 128 GB)",4.4,"15,760 ","1,787 ","₹26,049","₹29,999",6% off,8 GB   , 128 GB  
"OPPO F9 Pro (Sunrise Red, 64 GB)",4.5,"29,514 ","3,018 ","₹25,990","₹29,999",None,6 GB   , 64 GB   
"vivo V20 Pro (Sunset Melody, 128 GB)",4.4,"9,142 ",911 ,"₹25,855","₹29,999",None,8 GB   , 128 GB  
"SAMSUNG Galaxy A6 (Gold, 64 GB)",4.3,698 ,70 ,"₹23,799","₹29,999",6% off,4 GB   , 64 GB  
"OPPO Reno2 Z (Sky White, 256 GB)",4.5,"5,155 ",561 ,"₹27,549","₹29,999",16% off,8 GB   , 256 GB   
"SAMSUNG Galaxy A52s 5G (Awesome Black, 128 GB)",4.2,958 ,118 ,"₹33,900","₹29,999",None,6 GB   , 128 GB   
"Nokia 8.1 (Blue, 64 GB)",4.3,"9,008 ","1,411 ","₹28,831","₹29,999",None,4 GB   , 64 GB   
"IQOO Z6 Pro 5G (Phantom Dusk, 256 GB)",4.3,91 ,9 ,"₹28,990","₹29,999",3% off,12 GB   , 256 GB  
"realme X7 Pro 5G (Mystic Black, 128 GB)",4.3,"12,637 ","1,601 ","₹30,000","₹29,999",9% off,8 GB   , 128 GB  
"OPPO F21 5G (Black, 128 GB)",2.8,6 ,0 ,"₹25,989","₹29,999",None,8 GB   , 128 GB  
"SAMSUNG Galaxy S20 FE (Cloud Navy, 128 GB)",4,"1,148 ",113 ,"₹34,498","₹29,999",None,8 GB   , 128 GB   
"OPPO F19 Pro+ 5G (Fluid Black, 128 GB)",4.3,"19,773 ","2,002 ","₹25,700","₹29,999",None,8 GB   , 128 GB   
"realme GT Master Edition (Cosmos Black, 128 GB)",4.3,"61,363 ","6,541 ","₹27,999","₹29,999",6% off,8 GB   , 128 GB  
"realme GT Master Edition (Voyager Grey, 128 GB)",4.3,"61,363 ","6,541 ","₹27,999","₹29,999",6% off,8 GB   , 128 GB  
"realme GT Master Edition (Daybreak Blue, 128 GB)",4.3,"61,363 ","6,541 ","₹27,999","₹29,999",6% off,8 GB   , 128 GB  
"OnePlus Nord 2T 5G (Jade Fog, 128 GB)",4.4,"4,190 ",413 ,"₹28,999","₹29,999",None,8 GB   , 128 GB  
"vivo V20 (Sunset Melody, 256 GB)",4.4,"23,587 ","2,518 ","₹28,950","₹29,999",None,8 GB   , 256 GB   
"OnePlus Nord 2T 5G (Gray Shadow, 128 GB)",4.4,"4,190 ",413 ,"₹28,990","₹29,999",None,8 GB   , 128 GB  
"SAMSUNG Galaxy A7-2017 (Gold Sand, 32 GB)",3.9,274 ,74 ,"₹25,949","₹20,695",30% off,3 GB   , 32 GB   
"vivo V20 Pro (Midnight Jazz, 128 GB)",4.4,"9,142 ",911 ,"₹25,855","₹20,695",None,8 GB   , 128 GB  
"Honor 6 Plus (Black, 32 GB)",3.9,751 ,168 ,"₹26,499","₹20,695",None,3 GB   , 32 GB   
Honor 8,4.4,"2,862 ",692 ,"₹30,949","₹20,695",None,4 GB   , 32 GB   
"MOTOROLA edge 30 (Meteor Grey, 128 GB)",4.2,"5,464 ",806 ,"₹24,999","₹20,695",19% off,6 GB   , 128 GB  
"realme 9 Pro 5G (Sunrise Blue, 128 GB)",4.3,"13,089 ","1,044 ","₹20,999","₹20,695",12% off,8 GB   , 128 GB   
"OPPO F19 Pro+ 5G (Space Silver, 128 GB)",4.3,"19,773 ","2,002 ","₹17,990","₹20,695",40% off,8 GB   , 128 GB   
"REDMI Note 10 Pro Max (Vintage Bronze, 128 GB)",4.3,"15,785 ","1,168 ","₹19,999","₹20,695",13% off,6 GB   , 128 GB   
"vivo T1 Pro 5G (Turbo Black, 128 GB)",4.3,"13,338 ","1,423 ","₹24,999","₹20,695",19% off,8 GB   , 128 GB  
"realme 9 5G SE (Azure Glow, 128 GB)",4.3,"2,018 ",179 ,"₹22,999","₹20,695",14% off,8 GB   , 128 GB   
"realme 9 5G SE (Starry Glow, 128 GB)",4.3,"2,018 ",179 ,"₹22,999","₹20,695",14% off,8 GB   , 128 GB   
"vivo T1 Pro 5G (Turbo Cyan, 128 GB)",4.3,"13,338 ","1,423 ","₹24,999","₹20,695",19% off,8 GB   , 128 GB  
"Redmi Note 11 PRO Plus 5G (Mirage Blue, 128 GB)",4.2,"4,697 ",412 ,"₹19,985","₹20,695",None,6 GB   , 128 GB  
"Redmi Note 11 PRO Plus 5G (Stealth Black, 128 GB)",4.2,"2,191 ",200 ,"₹21,585","₹20,695",3% off,8 GB   , 128 GB  
"Redmi Note 11 PRO Plus 5G (Phantom White, 128 GB)",4.2,"2,191 ",200 ,"₹21,480","₹20,695",None,8 GB   , 128 GB  
"REDMI Note 10 Pro Max (Dark Night, 128 GB)",4.3,"15,785 ","1,168 ","₹19,999","₹20,695",13% off,6 GB   , 128 GB   
"realme 9 Pro+ 5G (Aurora Green, 128 GB)",4.4,"29,807 ","3,645 ","₹24,999","₹20,695",10% off,6 GB   , 128 GB  
"Xiaomi 11i 5G (Purple Mist, 128 GB)",4.2,"36,625 ","4,538 ","₹24,999","₹20,695",16% off,6 GB   , 128 GB   
"vivo T1 Pro 5G (Turbo Black, 128 GB)",4.3,"6,758 ",654 ,"₹23,999","₹20,695",17% off,6 GB   , 128 GB  
"vivo Y75 (Moonlight Shadow, 128 GB)",4.2,"1,268 ",111 ,"₹20,999","₹20,695",19% off,8 GB   , 128 GB   
"REDMI Note 11 Pro (Stealth Black, 128 GB)",4.1,566 ,39 ,"₹20,688","₹20,695",7% off,8 GB   , 128 GB  
"REDMI Note 11 Pro (Phantom White, 128 GB)",4.1,877 ,72 ,"₹18,584","₹20,695",None,6 GB   , 128 GB  
"REDMI Note 11 Pro (Phantom White, 128 GB)",4.1,566 ,39 ,"₹20,295","₹20,695",None,8 GB   , 128 GB  
"Redmi Note 11 PRO Plus 5G (Stealth Black, 128 GB)",4.2,"4,697 ",412 ,"₹20,485","₹20,695",1% off,6 GB   , 128 GB  
"MOTOROLA edge 30 (Aurora Green, 128 GB)",4.2,"5,464 ",806 ,"₹24,999","₹31,999",19% off,6 GB   , 128 GB  
"Redmi Note 11 PRO Plus 5G (Stealth Black, 128 GB)",4.2,"4,697 ",412 ,"₹20,485","₹31,999",1% off,6 GB   , 128 GB  
"Redmi Note 11 PRO Plus 5G (Stealth Black, 128 GB)",4.2,"4,697 ",412 ,"₹20,402","₹31,999",None,6 GB   , 128 GB  
"REDMI Note 11 Pro (Phantom White, 128 GB)",4.1,877 ,72 ,"₹18,584","₹31,999",None,6 GB   , 128 GB  
"REDMI Note 11 Pro (Phantom White, 128 GB)",4.1,566 ,39 ,"₹20,295","₹31,999",None,8 GB   , 128 GB  
"REDMI Note 11 Pro Plus 5G (Mirage Blue, 128 GB)",4,9 ,0 ,"₹20,990","₹31,999",None,6 GB   , 128 GB  
"REDMI Note 11 Pro (Stealth Black, 128 GB)",4.1,566 ,39 ,"₹20,688","₹31,999",7% off,8 GB   , 128 GB  
"IQOO Z5 5G (Cyber Grid, 128 GB)",4.3,118 ,16 ,"₹23,990","₹31,999",None,8 GB   , 128 GB  
"realme 9 Pro+ 5G (Sunrise Blue, 128 GB)",4.4,"29,807 ","3,645 ","₹24,999","₹31,999",10% off,6 GB   , 128 GB  
"realme 9 Pro+ 5G (Midnight Black, 128 GB)",4.4,"29,807 ","3,645 ","₹24,999","₹31,999",10% off,6 GB   , 128 GB  
"vivo T1 Pro 5G (Turbo Cyan, 128 GB)",4.3,"6,758 ",654 ,"₹23,999","₹31,999",17% off,6 GB   , 128 GB  
"POCO X3 Pro (Graphite Black, 128 GB)",4.3,"55,701 ","5,177 ","₹21,999","₹31,999",15% off,8 GB   , 128 GB   
"vivo Y75 (Dancing waves, 128 GB)",4.2,"1,268 ",111 ,"₹20,999","₹31,999",19% off,8 GB   , 128 GB   
"Redmi Note 11 PRO Plus 5G (Mirage Blue, 128 GB)",4.2,"2,191 ",200 ,"₹21,500","₹31,999",1% off,8 GB   , 128 GB  
"SAMSUNG Galaxy A23 (Black, 128 GB)",4.3,387 ,24 ,"₹19,999","₹31,999",21% off,8 GB   , 128 GB   
"MOTOROLA g82 5G (White Lily, 128 GB)",4.1,"2,576 ",328 ,"₹21,499","₹31,999",17% off,8 GB   , 128 GB   
"SAMSUNG Galaxy M33 5G (Emarld Brown, 128 GB)",4.2,"6,365 ",553 ,"₹16,999","₹31,999",None,6 GB   , 128 GB  
"POCO X3 Pro (Steel Blue, 128 GB)",4.3,"55,701 ","5,177 ","₹21,999","₹31,999",15% off,8 GB   , 128 GB   
"REDMI Note 11 Pro (Star blue, 128 GB)",4.1,877 ,72 ,"₹18,460","₹31,999",None,6 GB   , 128 GB  
"REDMI Note 11T 5G (Aquamarine Blue, 128 GB)",4.2,"2,573 ",220 ,"₹18,390","₹31,999",None,8 GB   , 128 GB  
"SAMSUNG Galaxy A32 (Awesome Blue, 128 GB)",4.2,264 ,27 ,"₹19,190","₹31,999",16% off,8 GB   , 128 GB   
"OPPO F21 Pro (Sunset Orange, 128 GB)",4.3,"1,612 ",137 ,"₹21,999","₹31,999",21% off,8 GB   , 128 GB  
"OPPO F21 Pro (Cosmic Black, 128 GB)",4.3,"1,612 ",137 ,"₹21,999","₹31,999",21% off,8 GB   , 128 GB  
"Xiaomi 11i Hypercharge 5G (Pacific Pearl, 128 GB)",4.2,"9,813 ","1,021 ","₹25,999","₹31,999",18% off,6 GB   , 128 GB   
"Redmi Note 11 PRO Plus 5G (Phantom White, 128 GB)",4.2,"2,191 ",200 ,"₹21,444","₹23,995",None,8 GB   , 128 GB  
"IQOO Z6 Pro 5G (Phantom Dusk, 128 GB)",4.2,143 ,11 ,"₹23,698","₹23,995",None,6 GB   , 128 GB  
"REDMI Note 11T 5G (Aquamarine Blue, 128 GB)",4.2,"2,573 ",220 ,"₹18,390","₹23,995",None,8 GB   , 128 GB  
"OPPO F21 Pro (Sunset Orange, 128 GB)",4.3,"1,612 ",137 ,"₹21,999","₹23,995",21% off,8 GB   , 128 GB  
"OPPO F21 Pro (Cosmic Black, 128 GB)",4.3,"1,612 ",137 ,"₹21,999","₹23,995",21% off,8 GB   , 128 GB  
"Xiaomi 11i 5G (Stealth Black, 128 GB)",4.2,"36,625 ","4,538 ","₹24,999","₹23,995",16% off,6 GB   , 128 GB   
"REDMI Note 11 Pro (Star Blue, 128 GB)",4.1,566 ,39 ,"₹19,550","₹23,995",4% off,8 GB   , 128 GB  
"vivo Y31 (Ocean Blue, 128 GB)",4.4,"8,585 ",603 ,"₹20,490","₹23,995",None,6 GB   , 128 GB   
"REDMI Note 11 Pro (Star blue, 128 GB)",4.1,877 ,72 ,"₹18,474","₹23,995",None,6 GB   , 128 GB  
"OPPO F21SPRO (Orange, 128 GB)",3.8,8 ,0 ,"₹21,989","₹23,995",None,8 GB   , 128 GB   
"SAMSUNG Galaxy A23 (Blue, 128 GB)",4.3,387 ,24 ,"₹19,999","₹23,995",21% off,8 GB   , 128 GB   
"IQOO Z6 Pro 5G- 6GB (LEGION SKY, 128 GB)",4.4,5 ,0 ,"₹23,699","₹23,995",2% off,6 GB   , 128 GB  
"OPPO Reno2 F (Sky White, 128 GB)",4.4,"4,665 ",397 ,"₹22,049","₹23,995",23% off,8 GB   , 128 GB  
"OPPO F19 Pro (Fantastic Purple, 128 GB)",4.3,"9,236 ",758 ,"₹21,769","₹23,995",None,8 GB   , 128 GB   
"realme X2 (Pearl White, 128 GB)",4.5,"46,159 ","5,247 ","₹20,999","₹23,995",None,8 GB   , 128 GB  
"Tecno POVA 5G (Aether Black, 128 GB)",4.2,5 ,1 ,"₹19,999","₹23,995",None,8 GB   , 128 GB  
"Tecno Camon 19 Pro 5G (Cedar Green, 128 GB)",None,None,Non,"₹23,984","₹23,995",None,8 GB   , 128 GB  
"POCO F1 (Graphite Black, 64 GB)",4.5,"2,44,123 ","30,054 ","₹21,549","₹23,995",2% off,6 GB   , 64 GB   
"REDMI Note 11T 5G (Matte black, 128 GB)",4.2,"2,573 ",220 ,"₹18,990","₹23,995",13% off,8 GB   , 128 GB  
"POCO F1 (Steel Blue, 64 GB)",4.5,"2,44,123 ","30,054 ","₹21,549","₹23,995",2% off,6 GB   , 64 GB   
"Mi 11 Lite (Jazz Blue, 128 GB)",4.2,"13,068 ","1,426 ","₹22,990","₹23,995",None,6 GB   , 128 GB   
"LG W41 Pro (Laser Blue, 128 GB)",3.7,"4,945 ",517 ,"₹20,000","₹23,995",None,6 GB   , 128 GB   
"realme 7 Pro (Sun Kissed Leather, 128 GB)",4.4,"54,954 ","5,434 ","₹21,999","₹23,995",4% off,8 GB   , 128 GB   
"Tecno Camon 19 Pro 5G (Eco Black, 128 GB)",None,None,Non,"₹23,986","₹23,995",None,8 GB   , 128 GB  
"Redmi K20 (Carbon Black, 64 GB)",4.5,"51,357 ","5,423 ","₹22,899","₹20,990",None,6 GB   , 64 GB  
"Xiaomi 11i Hypercharge 5G (Stealth Black, 128 GB)",4.2,"9,813 ","1,021 ","₹25,999","₹20,990",18% off,6 GB   , 128 GB   
"Redmi K20 (Carbon Black, 128 GB)",4.5,"51,357 ","5,423 ","₹24,849","₹20,990",None,6 GB   , 128 GB  
"REDMI Note 11 Pro (Stealth Black, 128 GB)",4.1,877 ,72 ,"₹18,999","₹20,990",None,6 GB   , 128 GB  
"vivo V7+ (Gold, 64 GB)",4.4,"17,528 ","2,659 ","₹22,299","₹20,990",3% off,4 GB   , 64 GB   
"realme X2 (Pearl White, 128 GB)",4.5,"46,159 ","5,247 ","₹20,999","₹20,990",None,8 GB   , 128 GB  
"Redmi K20 (Pearl White, 128 GB)",4.5,"51,357 ","5,423 ","₹24,849","₹20,990",None,6 GB   , 128 GB  
"GIONEE A1 (Grey, 64 GB)",4,"6,060 ","1,029 ","₹21,449","₹20,990",None,4 GB   , 64 GB   
"POCO X2 (Phoenix Red, 256 GB)",4.5,"60,845 ","6,989 ","₹20,999","₹20,990",None,8 GB   , 256 GB   
"realme X (Polar White, 128 GB)",4.5,"43,643 ","5,238 ","₹20,999","₹20,990",None,8 GB   , 128 GB  
"POCO X2 (Atlantis Blue, 256 GB)",4.5,"60,845 ","6,989 ","₹20,999","₹20,990",None,8 GB   , 256 GB   
"POCO X2 (Matrix Purple, 256 GB)",4.5,"60,845 ","6,989 ","₹20,999","₹20,990",None,8 GB   , 256 GB   
"Redmi Note 11 PRO Plus 5G (Stealth Black, 256 GB)",4.2,"2,191 ",200 ,"₹23,599","₹20,990",None,8 GB   , 256 GB  
"SAMSUNG Galaxy A50s (Prism Crush Black, 128 GB)",4.3,"48,624 ","4,568 ","₹21,070","₹20,990",15% off,4 GB   , 128 GB  
"Xiaomi 11Lite NE (Diamond Dazzle, 128 GB)",4.2,"1,431 ",155 ,"₹24,990","₹20,990",10% off,8 GB   , 128 GB   
"Redmi Note 11 PRO Plus 5G (Phantom White, 128 GB)",4.2,"4,697 ",412 ,"₹21,494","₹20,990",None,6 GB   , 128 GB  
"SAMSUNG Galaxy A50s (Prism Crush White, 128 GB)",4.3,"48,624 ","4,568 ","₹21,070","₹20,990",15% off,4 GB   , 128 GB  
"OPPO F9 (Mist Black, 64 GB)",4.5,"40,557 ","4,395 ","₹17,949","₹20,990",18% off,4 GB   , 64 GB   
"Motorola One Vision (Sapphire Gradient, 128 GB)",4.2,"12,058 ","1,521 ","₹22,999","₹20,990",None,4 GB   , 128 GB   
"Redmi Note 11 PRO Plus 5G (Stealth Black, 128 GB)",4.2,"2,191 ",200 ,"₹21,990","₹20,990",4% off,8 GB   , 128 GB  
"OPPO F21S PRO (Dawnlight Gold, 128 GB)",4.1,120 ,7 ,"₹21,999","₹20,990",4% off,8 GB   , 128 GB   
"GIONEE A1 (Black, 64 GB)",4,"6,060 ","1,029 ","₹21,449","₹20,990",None,4 GB   , 64 GB   
"SAMSUNG Galaxy M32 5G (Slate Black, 128 GB)",4.2,"1,294 ",75 ,"₹20,969","₹20,990",8% off,8 GB   , 128 GB   
"vivo S1 (Skyline Blue, 64 GB)",4.4,"2,739 ",204 ,"₹18,990","₹20,990",9% off,6 GB   , 64 GB   
"SAMSUNG Galaxy A50s (Prism Crush Black, 128 GB)",4.3,"48,624 ","4,568 ","₹21,070","₹22,500",15% off,4 GB   , 128 GB  
"SAMSUNG Galaxy A50s (Prism Crush White, 128 GB)",4.3,"48,624 ","4,568 ","₹21,070","₹22,500",15% off,4 GB   , 128 GB  
"Motorola One Vision (Sapphire Gradient, 128 GB)",4.2,"12,058 ","1,521 ","₹22,999","₹22,500",None,4 GB   , 128 GB   
"Redmi Note 11 PRO Plus 5G (Stealth Black, 128 GB)",4.2,"2,191 ",200 ,"₹21,990","₹22,500",4% off,8 GB   , 128 GB  
"vivo V11 (Starry Night Black, 64 GB)",4.5,"17,915 ","1,734 ","₹23,949","₹22,500",4% off,6 GB   , 64 GB   
"REDMI Note 11 Pro (Stealth Black, 128 GB)",4.1,566 ,39 ,"₹20,690","₹22,500",1% off,8 GB   , 128 GB  
"GIONEE A1 (Black, 64 GB)",4,"6,060 ","1,029 ","₹21,449","₹22,500",None,4 GB   , 64 GB   
"SAMSUNG Galaxy M32 5G (Slate Black, 128 GB)",4.2,"1,294 ",75 ,"₹20,969","₹22,500",8% off,8 GB   , 128 GB   
"IQOO Z5 5G (Arctic Dawn, 128 GB)",4.3,118 ,16 ,"₹23,990","₹22,500",None,8 GB   , 128 GB  
"realme 7 Pro (Mirror Silver, 128 GB)",4.4,"54,954 ","5,434 ","₹21,999","₹22,500",4% off,8 GB   , 128 GB   
"Redmi K20 (Glacier Blue, 128 GB)",4.5,"51,357 ","5,423 ","₹24,849","₹22,500",None,6 GB   , 128 GB  
"11 Lite NE (Vinyl Black, 128 GB)",4.2,16 ,2 ,"₹24,399","₹22,500",None,8 GB   , 128 GB  
"11 Lite NE (Vinyl Black, 128 GB)",3.7,7 ,2 ,"₹23,999","₹22,500",None,6 GB   , 128 GB  
"vivo V9 (Pearl Black, 64 GB)",4.5,"90,456 ","9,560 ","₹23,449","₹22,500",2% off,4 GB   , 64 GB   
"vivo V9 (Sapphire Blue, 64 GB)",4.5,"90,456 ","9,560 ","₹23,449","₹22,500",2% off,4 GB   , 64 GB   
"Mi 11 Lite (Jazz Blue, 128 GB)",4.2,"5,987 ",612 ,"₹21,999","₹22,500",15% off,8 GB   , 128 GB   
"POCO F1 (Graphite Black, 128 GB)",4.5,"2,44,123 ","30,054 ","₹24,999","₹22,500",None,6 GB   , 128 GB   
"OnePlus Nord 2T 5G (Gray Shadow, 128 GB)",4.4,"4,190 ",413 ,"₹28,990","₹22,500",None,8 GB   , 128 GB  
"SAMSUNG Galaxy A52 (Awesome Blue, 128 GB)",4.3,"1,239 ",160 ,"₹26,300","₹22,500",None,8 GB   , 128 GB   
"APPLE iPhone 7 (Gold, 32 GB)",4.5,"95,064 ","9,199 ","₹25,099","₹22,500",20% off,32 GB  M,None
"vivo Y73 (Diamond Flare, 128 GB)",4.4,"9,887 ",879 ,"₹21,989","₹22,500",None,8 GB   , 128 GB  
"OPPO F19 Pro (Crystal Silver, 256 GB)",4.3,"9,236 ",758 ,"₹22,990","₹22,500",None,8 GB   , 256 GB   
"OPPO F19 Pro (Fluid Black, 256 GB)",4.3,"9,236 ",758 ,"₹22,999","₹22,500",None,8 GB   , 256 GB   
"SAMSUNG Galaxy A7 (Gold, 64 GB)",4.4,"12,901 ","1,281 ","₹21,375","₹22,500",5% off,4 GB   , 64 GB   
"OPPO A9 2020 (Marine Green, 128 GB)",4.3,"61,868 ","5,267 ","₹15,949","₹18,490",27% off,8 GB   , 128 GB   
"OPPO F15 (Unicorn White, 128 GB)",4.4,"41,731 ","3,481 ","₹15,949","₹18,490",24% off,4 GB   , 128 GB   
"OPPO F15 (Blazing Blue, 128 GB)",4.4,"41,731 ","3,481 ","₹15,949","₹18,490",24% off,4 GB   , 128 GB   
"OPPO F15 (Lightening Black, 128 GB)",4.4,"41,731 ","3,481 ","₹15,949","₹18,490",24% off,4 GB   , 128 GB   
"realme 7 Pro (Mirror Silver, 128 GB)",4.4,"54,954 ","5,434 ","₹21,999","₹18,490",4% off,8 GB   , 128 GB   
"OPPO F21S PRO (Dawnlight Gold, 128 GB)",4.1,120 ,7 ,"₹21,899","₹18,490",None,8 GB   , 128 GB   
"REDMI Note 10 Pro (Vintage Bronze, 128 GB)",4.3,"2,608 ",206 ,"₹19,399","₹18,490",3% off,8 GB   , 128 GB   
"OPPO F11 (Fluorite Purple, 128 GB)",4.4,"4,177 ",357 ,"₹19,199","₹18,490",19% off,6 GB   , 128 GB   
"OPPO F11 (Fluorite Purple, 128 GB)",4.4,"76,709 ","7,736 ","₹14,699","₹18,490",33% off,4 GB   , 128 GB   
"POCO F1 (Steel Blue, 128 GB)",4.5,"2,44,123 ","30,054 ","₹24,999","₹18,490",None,6 GB   , 128 GB   
"LG Q Stylus+ (Black, 64 GB)",4,"1,355 ",205 ,"₹23,999","₹18,490",None,4 GB   , 64 GB   
"OPPO F5 (Red, 64 GB)",4.4,"1,761 ",252 ,"₹25,049","₹18,490",3% off,6 GB   , 64 GB   
"realme X (Space Blue, 128 GB)",4.5,"43,643 ","5,238 ","₹20,999","₹18,490",None,8 GB   , 128 GB  
"POCO F1 (Rosso Red, 128 GB)",4.5,"2,44,123 ","30,054 ","₹24,999","₹18,490",None,6 GB   , 128 GB   
"LG Q Stylus (Black, 32 GB)",3.9,"2,583 ",548 ,"₹19,949","₹18,490",None,3 GB   , 32 GB   
"Mi A2 (Red, 128 GB)",4.1,"3,215 ",291 ,"₹20,299","₹18,490",None,6 GB   , 128 GB  
"Xiaomi 11Lite NE (Diamond Dazzle, 128 GB)",4.2,"3,169 ",358 ,"₹20,990","₹18,490",12% off,6 GB   , 128 GB   
"Redmi Note 11 PRO Plus 5G (Phantom White, 128 GB)",4.2,"4,697 ",412 ,"₹20,789","₹18,490",None,6 GB   , 128 GB  
"SAMSUNG Galaxy A32 (Awesome Black, 128 GB)",4.1,"2,511 ",202 ,"₹18,989","₹18,490",None,6 GB   , 128 GB  
"REDMI Note 11 Pro (Stealth Black, 128 GB)",4.1,877 ,72 ,"₹18,995","₹18,490",13% off,6 GB   , 128 GB  
"SAMSUNG Galaxy A22 5G (Violet, 128 GB)",4.1,"2,386 ",228 ,"₹19,489","₹18,490",None,6 GB   , 128 GB   
"11 Lite NE (Jazz Blue, 128 GB)",3.7,7 ,2 ,"₹23,999","₹18,490",None,6 GB   , 128 GB  
"11 Lite NE (Jazz Blue, 128 GB)",4.2,16 ,2 ,"₹22,999","₹18,490",None,8 GB   , 128 GB  
"SAMSUNG Galaxy M33 5G (Emarld Brown, 128 GB)",4.2,"6,365 ",553 ,"₹17,490","₹18,490",5% off,6 GB   , 128 GB  
"APPLE iPhone 7 (Gold, 32 GB)",4.5,"95,064 ","9,199 ","₹25,099","₹34,999",20% off,32 GB  M,None
"Nothing Phone (1) (White, 256 GB)",4.3,"5,220 ",601 ,"₹35,999","₹34,999",16% off,12 GB   , 256 GB  
"IQOO 9 SE 5G (Space Fusion, 128 GB)",4,122 ,12 ,"₹33,499","₹34,999",1% off,8 GB   , 128 GB  
"Google Pixel 6a (Chalk, 128 GB)",4.3,"18,887 ","2,422 ","₹30,999","₹34,999",29% off,6 GB   , 128 GB  
"Google Pixel 6a (Charcoal, 128 GB)",4.3,"18,887 ","2,422 ","₹30,999","₹34,999",29% off,6 GB   , 128 GB  
"POCO F4 5G (Night Black, 256 GB)",4.3,"2,246 ",338 ,"₹33,999","₹34,999",15% off,12 GB   , 256 GB  
"Nothing Phone (1) (White, 256 GB)",4.3,"34,384 ","4,732 ","₹32,999","₹34,999",17% off,8 GB   , 256 GB  
"Nothing Phone (1) (Black, 256 GB)",4.3,"5,220 ",601 ,"₹35,999","₹34,999",16% off,12 GB   , 256 GB  
"vivo V25 5G (Surfing Blue, 256 GB)",4.2,"1,016 ",120 ,"₹31,999","₹34,999",13% off,12 GB   , 256 GB  
"realme GT Neo 3T (Shade Black, 256 GB)",4.3,"5,701 ",665 ,"₹33,999","₹34,999",12% off,8 GB   , 256 GB  
"realme GT Neo 3T (Drifting White, 256 GB)",4.3,"5,701 ",665 ,"₹33,999","₹34,999",12% off,8 GB   , 256 GB  
"realme GT Neo 3T (Shade Black, 128 GB)",4.3,"5,701 ",665 ,"₹31,999","₹34,999",13% off,8 GB   , 128 GB  
"realme GT Neo 3T (Dash Yellow, 128 GB)",4.3,"5,701 ",665 ,"₹31,999","₹34,999",13% off,8 GB   , 128 GB  
"realme GT 2 (Paper Green, 128 GB)",4.3,"4,907 ",652 ,"₹34,999","₹34,999",12% off,8 GB   , 128 GB  
"realme GT NEO 2 (NEO Blue, 128 GB)",4.4,"18,083 ","2,465 ","₹32,000","₹34,999",8% off,8 GB   , 128 GB  
"realme GT Neo 3T (Drifting White, 128 GB)",4.3,"5,701 ",665 ,"₹31,999","₹34,999",13% off,8 GB   , 128 GB  
"realme GT Neo 3T (Dash Yellow, 256 GB)",4.3,"5,701 ",665 ,"₹33,999","₹34,999",12% off,8 GB   , 256 GB  
"OPPO Reno7 Pro 5G (Starlight Black, 256 GB)",4.3,"7,183 ",976 ,"₹34,999","₹34,999",27% off,12 GB   , 256 GB  
"OPPO Reno7 Pro 5G (Startrails Blue, 256 GB)",4.3,"7,183 ",976 ,"₹34,999","₹34,999",27% off,12 GB   , 256 GB   
"realme GT 2 (Paper White, 128 GB)",4.3,"4,907 ",652 ,"₹34,999","₹34,999",12% off,8 GB   , 128 GB  
"realme GT 2 (Steel Black, 128 GB)",4.3,"4,907 ",652 ,"₹34,999","₹34,999",12% off,8 GB   , 128 GB  
"Mi 11X Pro 5G (Celestial Silver, 128 GB)",4,425 ,32 ,"₹32,999","₹34,999",None,8 GB   , 128 GB  
"SAMSUNG S20 FE 5G (Cloud Mint, 128 GB)",4.2,"3,237 ",373 ,"₹34,899","₹34,999",None,8 GB   , 128 GB  
"realme GT NEO 2 (NEO Black, 128 GB)",4.4,"18,083 ","2,465 ","₹32,000","₹34,999",8% off,8 GB   , 128 GB  
"APPLE iPhone SE (White, 128 GB)",4.5,"1,53,549 ","12,053 ","₹32,990","₹47,999",26% off,128 GB  M,None
"IQOO Neo 6 5G (Dark Nova, 256 GB)",4.3,206 ,21 ,"₹33,999","₹47,999",None,12 GB   , 256 GB  
"POCO F4 5G (Nebula Green, 256 GB)",4.3,"2,246 ",338 ,"₹33,999","₹47,999",15% off,12 GB   , 256 GB  
"SAMSUNG Galaxy S20 FE (Cloud Lavender, 128 GB)",4,"1,148 ",113 ,"₹50,010","₹47,999",24% off,8 GB   , 128 GB   
"SAMSUNG Galaxy A53 (Awesome Blue, 128 GB)",4,513 ,59 ,"₹31,999","₹47,999",17% off,6 GB   , 128 GB   
"Google Pixel 4a (Just Black, 128 GB)",4.5,"46,746 ","6,983 ","₹31,999","₹47,999",None,6 GB   , 128 GB  
"Nothing Phone (1) (Black, 256 GB)",4.3,"34,384 ","4,732 ","₹31,999","₹47,999",20% off,8 GB   , 256 GB  
"realme X3 SuperZoom (Arctic White, 256 GB)",4.3,"11,060 ","1,158 ","₹30,049","₹47,999",6% off,8 GB   , 256 GB  
"SAMSUNG Galaxy A53 (Awesome Peach, 128 GB)",4,513 ,59 ,"₹31,999","₹47,999",17% off,6 GB   , 128 GB   
"realme X3 SuperZoom (Glacier Blue, 256 GB)",4.3,"11,060 ","1,158 ","₹30,049","₹47,999",None,8 GB   , 256 GB  
"APPLE iPhone SE (Black, 128 GB)",4.5,"1,53,549 ","12,053 ","₹32,990","₹47,999",26% off,128 GB  M,None
"vivo V23 5G (Stardust Black, 256 GB)",4.3,"2,883 ",319 ,"₹34,990","₹47,999",7% off,12 GB   , 256 GB  
"vivo V25 5G (Elegant Black, 256 GB)",4.2,"1,016 ",120 ,"₹31,999","₹47,999",13% off,12 GB   , 256 GB  
"SAMSUNG S20 FE 5G (Cloud Lavender, 128 GB)",4.2,"3,237 ",373 ,"₹32,999","₹47,999",None,8 GB   , 128 GB  
"vivo V15 Pro (Topaz Blue, 128 GB)",4.5,"3,056 ",254 ,"₹28,549","₹47,999",18% off,8 GB   , 128 GB   
"Redmi K20 Pro (Glacier Blue, 256 GB)",4.5,"15,330 ","2,060 ","₹31,999","₹47,999",None,8 GB   , 256 GB  
"vivo V19 (Piano Black, 128 GB)",4.4,"13,503 ","1,342 ","₹25,049","₹47,999",19% off,8 GB   , 128 GB   
"vivo V19 (Mystic Silver, 128 GB)",4.4,"13,503 ","1,342 ","₹25,049","₹47,999",19% off,8 GB   , 128 GB   
"vivo V15 Pro (Topaz Blue, 128 GB)",4.5,"31,218 ","2,834 ","₹21,099","₹47,999",36% off,6 GB   , 128 GB   
"OnePlus 10R 5G (Sierra Black, 128 GB)",4.3,"1,188 ",108 ,"₹34,950","₹47,999",None,8 GB   , 128 GB  
"IQOO 7 legend (legend, 128 GB)",3.9,32 ,2 ,"₹32,990","₹47,999",None,8 GB   , 128 GB  
"Mi 10T Pro (Cosmic Black, 128 GB)",4.2,"3,680 ",552 ,"₹38,849","₹47,999",19% off,8 GB   , 128 GB  
"vivo V15 Pro (Ruby Red, 128 GB)",4.5,"31,218 ","2,834 ","₹32,990","₹47,999",None,6 GB   , 128 GB   
"IQOO 7 5G (Storm Black, 256 GB)",4.4,187 ,37 ,"₹34,990","₹47,999",None,8 GB   , 256 GB  
"OnePlus Nord 2T 5G (Gray Shadow, 256 GB)",4.4,"1,638 ",134 ,"₹33,860","₹34,900",None,12 GB   , 256 GB  
"SAMSUNG Galaxy A53 (Awesome Black, 128 GB)",4,513 ,59 ,"₹31,999","₹34,900",17% off,6 GB   , 128 GB   
"OnePlus 10R 5G (Sierra Black, 128 GB)",4.3,"1,188 ",108 ,"₹34,950","₹34,900",None,8 GB   , 128 GB  
"Xiaomi 11T Pro 5G Hyperphone (Celestial Magic, 128 GB)",4,440 ,55 ,"₹33,333","₹34,900",None,8 GB   , 128 GB  
"Xiaomi 11T Pro 5G Hyperphone (Meteorite Black, 128 GB)",4,440 ,55 ,"₹34,490","₹34,900",None,8 GB   , 128 GB  
"APPLE iPhone 6 (Space Grey, 32 GB)",4.4,"1,45,546 ","16,264 ","₹30,780","₹34,900",3% off,32 GB  M,None
"POCO F1 (Armoured Edition, 256 GB)",4.5,"28,200 ","3,303 ","₹30,999","₹34,900",None,8 GB   , 256 GB   
"vivo V17Pro (Midnight Ocean Black, 128 GB)",4.5,"7,659 ",622 ,"₹32,990","₹34,900",None,8 GB   , 128 GB  
"APPLE iPhone 6 (Gold, 32 GB)",4.4,"1,45,546 ","16,264 ","₹30,780","₹34,900",None,32 GB  M,None
"IQOO 7 5G (Storm Black, 128 GB)",4.4,187 ,37 ,"₹31,990","₹34,900",None,8 GB   , 128 GB  
"SAMSUNG Galaxy A70s (Prism Crush White, 128 GB)",4.3,"1,826 ",183 ,"₹30,500","₹34,900",7% off,8 GB   , 128 GB   
"realme X3 SuperZoom (Glacier Blue, 256 GB)",4.2,"2,905 ",322 ,"₹33,049","₹34,900",5% off,12 GB   , 256 GB  
"OPPO Reno4 Pro Special Edition (Galactic Blue, 128 GB)",4.3,"1,317 ",155 ,"₹34,990","₹34,900",7% off,8 GB   , 128 GB   
"Redmi K20 Pro (Flame Red, 256 GB)",4.5,"15,330 ","2,060 ","₹31,999","₹34,900",None,8 GB   , 256 GB  
"realme X2 Pro (Lunar White, 128 GB)",4.5,"20,861 ","3,266 ","₹31,999","₹34,900",None,8 GB   , 128 GB  
"OPPO Reno3 Pro (Midnight Black, 128 GB)",4.4,"4,686 ",457 ,"₹32,990","₹34,900",None,8 GB   , 128 GB   
"OPPO Reno4 Pro (Starry Night, 128 GB)",4.4,"2,085 ",236 ,"₹34,990","₹34,900",7% off,8 GB   , 128 GB   
"SAMSUNG Galaxy A72 (Awesome Black, 128 GB)",4.3,338 ,30 ,"₹34,795","₹34,900",None,8 GB   , 128 GB   
"SAMSUNG Galaxy A53 (Awesome White, 128 GB)",4,513 ,59 ,"₹31,999","₹34,900",17% off,6 GB   , 128 GB   
"OPPO F3 Plus (Gold, 64 GB)",4.3,"27,111 ","5,485 ","₹30,990","₹34,900",None,4 GB   , 64 GB   
"APPLE iPhone 6s Plus (Rose Gold, 32 GB)",4.4,"18,838 ","2,381 ","₹33,299","₹34,900",4% off,32 GB  M,None
"SAMSUNG Galaxy A52s 5G (Awesome White, 128 GB)",4.2,958 ,118 ,"₹34,990","₹34,900",None,6 GB   , 128 GB   
"SAMSUNG S20 FE 5G (Cloud Navy, 128 GB)",4.2,"3,237 ",373 ,"₹34,999","₹34,900",None,8 GB   , 128 GB  
"SAMSUNG S20 FE 5G (Cloud Navy, 128 GB)",4.2,"3,237 ",373 ,"₹32,390","₹34,900",None,8 GB   , 128 GB  
"Redmi K20 Pro (Flame Red, 256 GB)",4.5,"15,330 ","2,060 ","₹31,999","₹19,999",None,8 GB   , 256 GB  
"OPPO Reno4 Pro (Starry Night, 128 GB)",4.4,"2,085 ",236 ,"₹34,990","₹19,999",7% off,8 GB   , 128 GB   
"OPPO F3 Plus (Gold, 64 GB)",4.3,"27,111 ","5,485 ","₹30,990","₹19,999",None,4 GB   , 64 GB   
"SAMSUNG Galaxy A53 (Awesome White, 128 GB)",4,513 ,59 ,"₹31,999","₹19,999",17% off,6 GB   , 128 GB   
"APPLE iPhone 6s Plus (Rose Gold, 32 GB)",4.4,"18,838 ","2,381 ","₹33,299","₹19,999",4% off,32 GB  M,None
"SAMSUNG Galaxy A52s 5G (Awesome White, 128 GB)",4.2,958 ,118 ,"₹34,990","₹19,999",None,6 GB   , 128 GB   
"SAMSUNG S20 FE 5G (Cloud Navy, 128 GB)",4.2,"3,237 ",373 ,"₹34,999","₹19,999",None,8 GB   , 128 GB  
"Xiaomi 11T Pro 5G Hyperphone (Moonlight White, 128 GB)",4,440 ,55 ,"₹32,990","₹19,999",2% off,8 GB   , 128 GB  
"Xiaomi 11T Pro 5G Hyperphone (Celestial Magic, 256 GB)",4,440 ,55 ,"₹35,989","₹19,999",5% off,8 GB   , 256 GB  
"realme X3 SuperZoom (Arctic White, 256 GB)",4.2,"2,905 ",322 ,"₹33,049","₹19,999",5% off,12 GB   , 256 GB  
"Mi 11X Pro 5G (Cosmic Black, 128 GB)",4,425 ,32 ,"₹32,490","₹19,999",None,8 GB   , 128 GB  
"SAMSUNG S20FE 5G (Cloud Mint, 128 GB)",4.2,46 ,1 ,"₹32,990","₹19,999",None,8 GB   , 128 GB  
"OnePlus 8T 5G (Lunar Silver, 128 GB)",4.4,127 ,14 ,"₹34,490","₹19,999",6% off,8 GB   , 128 GB  
"SAMSUNG Galaxy M52 5G (Blazing Black, 128 GB)",4.2,"1,358 ",148 ,"₹34,599","₹19,999",None,8 GB   , 128 GB   
"realme C33 (Aqua Blue, 32 GB)",4.5,"14,223 ",566 ,"₹8,999","₹19,999",25% off,3 GB   , 32 GB   
"POCO C31 (Royal Blue, 32 GB)",4.3,"1,12,675 ","7,041 ","₹6,999","₹19,999",36% off,3 GB   , 32 GB   
"realme C33 (Night Sea, 32 GB)",4.5,"14,223 ",566 ,"₹8,999","₹19,999",25% off,3 GB   , 32 GB   
"realme C33 (Sandy Gold, 32 GB)",4.5,"14,223 ",566 ,"₹8,999","₹19,999",25% off,3 GB   , 32 GB   
"POCO C31 (Shadow Gray, 64 GB)",4.3,"1,65,539 ","10,472 ","₹7,999","₹19,999",33% off,4 GB   , 64 GB   
"SAMSUNG Galaxy F23 5G (Aqua Blue, 128 GB)",4.3,"1,25,018 ","10,344 ","₹16,999","₹19,999",29% off,6 GB   , 128 GB   
"realme C33 (Aqua Blue, 64 GB)",4.5,"43,137 ","1,789 ","₹9,999","₹19,999",23% off,4 GB   , 64 GB   
"realme C33 (Night Sea, 64 GB)",4.5,"43,137 ","1,789 ","₹9,999","₹19,999",23% off,4 GB   , 64 GB   
"realme C33 (Sandy Gold, 64 GB)",4.5,"43,137 ","1,789 ","₹9,999","₹19,999",23% off,4 GB   , 64 GB   
"POCO M4 Pro 5G (Cool Blue, 128 GB)",4.2,"35,110 ","3,192 ","₹13,999","₹19,999",30% off,6 GB   , 128 GB   
"Infinix Smart 6 (Light Sea Green, 64 GB)",4.3,"24,408 ","1,657 ","₹6,499","₹8,175",27% off,2 GB   , 64 GB   
"POCO X4 Pro 5G (Laser Black, 128 GB)",4.1,"12,660 ","1,332 ","₹18,999","₹8,175",26% off,8 GB   , 128 GB   
"MOTOROLA g31 (Meteorite Grey, 128 GB)",4.1,"11,249 ","1,223 ","₹11,999","₹8,175",29% off,6 GB   , 128 GB   
"vivo T1X (Gravity Black, 128 GB)",4.4,"2,834 ",170 ,"₹14,999","₹8,175",21% off,6 GB   , 128 GB  
"realme C31 (Light Silver, 64 GB)",4.4,"50,474 ","2,421 ","₹9,999","₹8,175",16% off,4 GB   , 64 GB   
"POCO M4 Pro (Cool Blue, 128 GB)",4.3,"1,16,129 ","10,585 ","₹16,499","₹8,175",17% off,6 GB   , 128 GB   
"Infinix Hot 11S (Silver Wave, 128 GB)",4.3,"45,942 ","4,948 ","₹9,999","₹8,175",33% off,4 GB   , 128 GB   
"Infinix Hot 11S (Polar Black, 128 GB)",4.3,"45,942 ","4,948 ","₹9,999","₹8,175",33% off,4 GB   , 128 GB   
"Infinix Smart 6 (Starry Purple, 64 GB)",4.3,"24,408 ","1,657 ","₹6,499","₹8,175",27% off,2 GB   , 64 GB   
"Infinix Smart 6 (Heart Of Ocean, 64 GB)",4.3,"24,408 ","1,657 ","₹6,499","₹8,175",27% off,2 GB   , 64 GB   
"realme Narzo 50 (Speed Black, 128 GB)",4.4,"6,244 ",456 ,"₹15,499","₹8,175",13% off,6 GB   , 128 GB   
"OPPO F19 (Midnight Blue, 128 GB)",4.3,"20,158 ","1,485 ","₹14,990","₹8,175",28% off,6 GB   , 128 GB   
"REDMI 9 Activ (Coral Green, 64 GB)",4.2,"7,754 ",552 ,"₹8,695","₹8,175",8% off,4 GB   , 64 GB   
"MOTOROLA g31 (Meteorite Grey, 64 GB)",4.2,"30,438 ","3,565 ","₹10,499","₹8,175",25% off,4 GB   , 64 GB   
"POCO M4 Pro 5G (Yellow, 128 GB)",4.2,"35,110 ","3,192 ","₹13,999","₹8,175",30% off,6 GB   , 128 GB   
"MOTOROLA G62 5G (Frosted Blue, 128 GB)",4.1,"5,380 ",576 ,"₹15,999","₹8,175",27% off,6 GB   , 128 GB  
"MOTOROLA g52 (Charcoal Grey, 128 GB)",4.2,"16,151 ","2,087 ","₹13,999","₹8,175",30% off,6 GB   , 128 GB  
"REDMI 10 Prime (Astral White, 128 GB)",4.2,"8,040 ",582 ,"₹12,999","₹8,175",23% off,6 GB   , 128 GB   
"POCO M4 Pro (Yellow, 128 GB)",4.3,"1,16,129 ","10,585 ","₹16,499","₹8,175",17% off,6 GB   , 128 GB   
"Infinix Hot 12 (Turquoise Cyan, 64 GB)",4.2,"11,911 ",860 ,"₹9,299","₹8,175",28% off,4 GB   , 64 GB  
"Infinix Hot 12 (7° Purple, 64 GB)",4.2,"11,911 ",860 ,"₹9,299","₹8,175",28% off,4 GB   , 64 GB  
"Infinix Hot 12 (Exploratory Blue, 64 GB)",4.2,"11,911 ",860 ,"₹9,299","₹8,175",28% off,4 GB   , 64 GB  
"Infinix Hot 11S (Green Wave, 128 GB)",4.3,"45,942 ","4,948 ","₹9,999","₹8,175",33% off,4 GB   , 128 GB   
"REDMI 10A (Sea Blue, 32 GB)",4.1,595 ,47 ,"₹7,999","₹8,175",2% off,3 GB   , 32 GB  
"vivo T1X (Space Blue, 64 GB)",4.5,"57,667 ","3,117 ","₹11,999","₹21,999",29% off,4 GB   , 64 GB  
"realme C35 (Glowing Green, 64 GB)",4.4,"1,51,274 ","8,980 ","₹11,999","₹21,999",14% off,4 GB   , 64 GB   
"realme C35 (Glowing Black, 128 GB)",4.4,"1,51,274 ","8,980 ","₹12,999","₹21,999",13% off,4 GB   , 128 GB   
"POCO M4 Pro 5G (Cool Blue, 64 GB)",4.3,"28,509 ","2,506 ","₹11,999","₹21,999",29% off,4 GB   , 64 GB   
"APPLE iPhone 11 (White, 128 GB)",4.6,"1,70,899 ","10,117 ","₹45,999","₹21,999",5% off,128 GB  M,None
"vivo T1X (Space Blue, 128 GB)",4.5,"57,667 ","3,117 ","₹12,999","₹21,999",27% off,4 GB   , 128 GB  
"vivo T1X (Gravity Black, 128 GB)",4.5,"57,667 ","3,117 ","₹12,999","₹21,999",27% off,4 GB   , 128 GB  
"POCO M4 Pro 5G (Power Black, 64 GB)",4.3,"28,509 ","2,506 ","₹11,999","₹21,999",29% off,4 GB   , 64 GB   
"REDMI 10 (Caribbean Green, 128 GB)",4.2,"19,479 ","1,466 ","₹11,999","₹21,999",29% off,6 GB   , 128 GB   
"REDMI 9i Sport (Coral Green, 64 GB)",4.3,"1,87,410 ","10,895 ","₹7,999","₹21,999",20% off,4 GB   , 64 GB   
"APPLE iPhone 11 (Black, 64 GB)",4.6,"1,70,899 ","10,117 ","₹40,999","₹21,999",6% off,64 GB  M,None
"POCO M4 Pro 5G (Yellow, 64 GB)",4.3,"28,509 ","2,506 ","₹11,999","₹21,999",29% off,4 GB   , 64 GB   
"vivo T1X (Space Blue, 128 GB)",4.4,"2,834 ",170 ,"₹14,999","₹21,999",21% off,6 GB   , 128 GB  
"REDMI 10 (Caribbean Green, 64 GB)",4.3,"1,47,087 ","9,714 ","₹9,999","₹21,999",33% off,4 GB   , 64 GB   
"MOTOROLA G62 5G (Midnight Gray, 128 GB)",4.1,"5,380 ",576 ,"₹15,999","₹21,999",27% off,6 GB   , 128 GB  
"realme C35 (Glowing Green, 128 GB)",4.4,"1,51,274 ","8,980 ","₹12,999","₹21,999",13% off,4 GB   , 128 GB   
"realme C35 (Glowing Black, 128 GB)",4.2,"11,010 ",710 ,"₹13,999","₹21,999",12% off,6 GB   , 128 GB   
"Infinix Smart 6 HD (Origin Blue, 32 GB)",4.4,"11,337 ",561 ,"₹5,999","₹21,999",33% off,2 GB   , 32 GB   
"Infinix Smart 6 HD (Aqua Sky, 32 GB)",4.4,"11,337 ",561 ,"₹5,999","₹21,999",33% off,2 GB   , 32 GB   
"REDMI 9i Sport (Metallic Blue, 64 GB)",4.3,"1,87,410 ","10,895 ","₹7,999","₹21,999",20% off,4 GB   , 64 GB   
"vivo T1 5G (Rainbow Fantasy, 128 GB)",4.3,"55,237 ","4,461 ","₹15,990","₹21,999",20% off,4 GB   , 128 GB   
"MOTOROLA g31 (Baby Blue, 128 GB)",4.1,"11,249 ","1,223 ","₹11,999","₹21,999",29% off,6 GB   , 128 GB   
"SAMSUNG Galaxy F23 5G (Forest Green, 128 GB)",4.3,"1,25,018 ","10,344 ","₹16,999","₹21,999",29% off,6 GB   , 128 GB   
"POCO M4 Pro 5G (Cool Blue, 128 GB)",4.2,"5,805 ",518 ,"₹14,999","₹21,999",31% off,8 GB   , 128 GB   
"REDMI 10 Prime (Phantom Black, 128 GB)",4.2,"8,040 ",582 ,"₹12,999","₹8,999",23% off,6 GB   , 128 GB   
"Infinix HOT 12 Play (Daylight Green, 64 GB)",4.3,"1,01,529 ","7,476 ","₹8,999","₹8,999",25% off,4 GB   , 64 GB   
"Infinix HOT 12 Play (Horizon Blue, 64 GB)",4.3,"1,01,529 ","7,476 ","₹8,999","₹8,999",25% off,4 GB   , 64 GB   
"MOTOROLA G60 (Moonless, 128 GB)",4.2,"1,28,585 ","13,024 ","₹14,999","₹8,999",31% off,6 GB   , 128 GB  
"POCO M4 Pro 5G (Power Black, 128 GB)",4.2,"5,805 ",518 ,"₹14,999","₹8,999",31% off,8 GB   , 128 GB   
"Infinix HOT 12 Play (Champagne Gold, 64 GB)",4.3,"1,01,529 ","7,476 ","₹8,999","₹8,999",25% off,4 GB   , 64 GB   
"Infinix Smart 6 HD (Force Black, 32 GB)",4.4,"11,337 ",561 ,"₹5,999","₹8,999",33% off,2 GB   , 32 GB   
"Infinix HOT 12 Play (Racing Black, 64 GB)",4.3,"1,01,529 ","7,476 ","₹8,999","₹8,999",25% off,4 GB   , 64 GB   
"REDMI 10 (Pacific Blue, 128 GB)",4.2,"19,479 ","1,466 ","₹11,999","₹8,999",29% off,6 GB   , 128 GB   
"APPLE iPhone 12 Mini (Black, 64 GB)",4.5,"1,19,016 ","9,504 ","₹54,999","₹8,999",8% off,64 GB  M,None
"realme C31 (Dark Green, 32 GB)",4.5,"44,041 ","1,719 ","₹9,300","₹8,999",15% off,3 GB   , 32 GB   
"realme C31 (Light Silver, 32 GB)",4.5,"44,041 ","1,719 ","₹9,300","₹8,999",15% off,3 GB   , 32 GB   
"MOTOROLA g52 (Metallic White, 128 GB)",4.2,"16,151 ","2,087 ","₹13,999","₹8,999",30% off,6 GB   , 128 GB  
"vivo T1 44W (Midnight Galaxy, 128 GB)",4.3,"4,575 ",392 ,"₹17,999","₹8,999",24% off,8 GB   , 128 GB   
"vivo T1 44W (Midnight Galaxy, 128 GB)",4.4,"38,475 ","2,985 ","₹15,999","₹8,999",23% off,6 GB   , 128 GB   
"SAMSUNG Galaxy F22 (Denim Black, 128 GB)",4.3,"62,622 ","5,804 ","₹13,499","₹8,999",20% off,6 GB   , 128 GB   
"vivo T1 5G (Starlight Black, 128 GB)",4.3,"55,237 ","4,461 ","₹15,990","₹8,999",20% off,4 GB   , 128 GB   
"Infinix Note 12 (Jewel Blue, 64 GB)",4.2,"19,258 ","1,922 ","₹9,999","₹8,999",37% off,4 GB   , 64 GB   
"REDMI 9i Sport (Carbon Black, 64 GB)",4.3,"1,87,410 ","10,895 ","₹7,999","₹8,999",20% off,4 GB   , 64 GB   
"REDMI 10 (Midnight Black, 128 GB)",4.2,"19,479 ","1,466 ","₹11,999","₹8,999",29% off,6 GB   , 128 GB   
"APPLE iPhone 13 (Starlight, 128 GB)",4.7,"1,65,126 ","8,945 ","₹65,999","₹8,999",5% off,128 GB  M,None
"APPLE iPhone 11 (White, 64 GB)",4.6,"1,70,899 ","10,117 ","₹40,999","₹8,999",6% off,64 GB  M,None
"POCO X4 Pro 5G (Laser Black, 128 GB)",4.1,"12,660 ","1,332 ","₹18,999","₹8,999",26% off,8 GB   , 128 GB   
"Infinix Smart 6 (Light Sea Green, 64 GB)",4.3,"24,408 ","1,657 ","₹6,499","₹8,999",27% off,2 GB   , 64 GB   
"vivo T1X (Gravity Black, 128 GB)",4.4,"2,834 ",170 ,"₹14,999","₹16,999",21% off,6 GB   , 128 GB  
"realme C31 (Light Silver, 64 GB)",4.4,"50,474 ","2,421 ","₹9,999","₹16,999",16% off,4 GB   , 64 GB   
"realme C31 (Dark Green, 64 GB)",4.4,"50,474 ","2,421 ","₹9,999","₹16,999",16% off,4 GB   , 64 GB   
"realme C35 (Glowing Green, 128 GB)",4.2,"11,010 ",710 ,"₹13,999","₹16,999",12% off,6 GB   , 128 GB   
"MOTOROLA g31 (Meteorite Grey, 128 GB)",4.1,"11,249 ","1,223 ","₹11,999","₹16,999",29% off,6 GB   , 128 GB   
"OnePlus Nord CE 2 Lite 5G (Black Dusk, 128 GB)",4.4,"34,061 ","2,850 ","₹19,899","₹16,999",None,6 GB   , 128 GB  
"POCO M4 Pro (Power Black, 64 GB)",4.3,"1,16,129 ","10,585 ","₹14,999","₹16,999",16% off,6 GB   , 64 GB   
"Infinix Hot 11S (Silver Wave, 128 GB)",4.3,"45,942 ","4,948 ","₹9,999","₹16,999",33% off,4 GB   , 128 GB   
"Infinix Hot 11S (Polar Black, 128 GB)",4.3,"45,942 ","4,948 ","₹9,999","₹16,999",33% off,4 GB   , 128 GB   
"POCO M4 Pro (Cool Blue, 128 GB)",4.3,"1,16,129 ","10,585 ","₹16,499","₹16,999",17% off,6 GB   , 128 GB   
"POCO M4 5G (Cool Blue, 128 GB)",4.1,"19,873 ","1,623 ","₹14,999","₹16,999",21% off,6 GB   , 128 GB   
"Infinix Smart 6 (Starry Purple, 64 GB)",4.3,"24,408 ","1,657 ","₹6,499","₹16,999",27% off,2 GB   , 64 GB   
"REDMI 9 Activ (Coral Green, 64 GB)",4.2,"7,754 ",552 ,"₹8,695","₹16,999",8% off,4 GB   , 64 GB   
"realme Narzo 50 (Speed Black, 128 GB)",4.4,"6,244 ",456 ,"₹15,499","₹16,999",13% off,6 GB   , 128 GB   
"Infinix Smart 6 (Heart Of Ocean, 64 GB)",4.3,"24,408 ","1,657 ","₹6,499","₹16,999",27% off,2 GB   , 64 GB   
"OPPO F19 (Midnight Blue, 128 GB)",4.3,"20,158 ","1,485 ","₹14,990","₹16,999",28% off,6 GB   , 128 GB   
"MOTOROLA g31 (Meteorite Grey, 64 GB)",4.2,"30,438 ","3,565 ","₹10,499","₹16,999",25% off,4 GB   , 64 GB   
"MOTOROLA g52 (Charcoal Grey, 128 GB)",4.2,"16,151 ","2,087 ","₹13,999","₹16,999",30% off,6 GB   , 128 GB  
"MOTOROLA g22 (Iceberg Blue, 64 GB)",3.7,"24,584 ","2,969 ","₹9,999","₹16,999",28% off,4 GB   , 64 GB   
"Infinix Hot 12 (Turquoise Cyan, 64 GB)",4.2,"11,911 ",860 ,"₹9,299","₹16,999",28% off,4 GB   , 64 GB  
"Infinix Hot 12 (Exploratory Blue, 64 GB)",4.2,"11,911 ",860 ,"₹9,299","₹16,999",28% off,4 GB   , 64 GB  
"MOTOROLA G62 5G (Frosted Blue, 128 GB)",4.1,"5,380 ",576 ,"₹15,999","₹16,999",27% off,6 GB   , 128 GB  
"POCO M4 Pro (Yellow, 128 GB)",4.3,"1,16,129 ","10,585 ","₹16,499","₹16,999",17% off,6 GB   , 128 GB   
"REDMI 10 Prime (Astral White, 128 GB)",4.2,"8,040 ",582 ,"₹12,999","₹16,999",23% off,6 GB   , 128 GB   
"Infinix Note 12 (Force Black, 64 GB)",4.2,"19,258 ","1,922 ","₹9,999","₹7,999",37% off,4 GB   , 64 GB   
"realme Narzo 50 (Speed Blue, 64 GB)",4.5,"14,275 ",900 ,"₹12,999","₹7,999",18% off,4 GB   , 64 GB   
"realme 9i 5G (Rocking Black, 64 GB)",4.5,"33,843 ","1,508 ","₹14,999","₹7,999",16% off,4 GB   , 64 GB   
"realme Narzo 50 (Speed Blue, 128 GB)",4.4,"6,244 ",456 ,"₹15,499","₹7,999",13% off,6 GB   , 128 GB   
"vivo T1 5G (Starlight Black, 128 GB)",4.3,"13,622 ","1,198 ","₹19,990","₹7,999",16% off,8 GB   , 128 GB   
"MOTOROLA g82 5G (Meterorite Grey, 128 GB)",4.1,"4,317 ",588 ,"₹19,999","₹7,999",16% off,6 GB   , 128 GB   
"OPPO K10 (Black Carbon, 128 GB)",4.3,"4,886 ",413 ,"₹16,990","₹7,999",26% off,8 GB   , 128 GB   
"POCO M4 Pro (Power Black, 64 GB)",4.3,"1,16,129 ","10,585 ","₹14,999","₹7,999",16% off,6 GB   , 64 GB   
"SAMSUNG GALAXY M13 (Midnight Blue, 64 GB)",4.2,"1,237 ",82 ,"₹10,799","₹7,999",None,4 GB   , 64 GB  
"Infinix Hot 12 (Polar Black, 64 GB)",4.2,"11,911 ",860 ,"₹9,299","₹7,999",28% off,4 GB   , 64 GB  
"POCO M4 5G (Power Black, 128 GB)",4.1,"19,873 ","1,623 ","₹14,999","₹7,999",21% off,6 GB   , 128 GB   
"REDMI A1 (Black, 32 GB)",4.2,758 ,45 ,"₹6,589","₹7,999",None,2 GB   , 32 GB  
"POCO M4 Pro (Power Black, 128 GB)",4.3,"1,16,129 ","10,585 ","₹16,499","₹7,999",17% off,6 GB   , 128 GB   
"APPLE iPhone 11 (Green, 64 GB)",4.6,"1,70,899 ","10,117 ","₹40,999","₹7,999",6% off,64 GB  M,None
"realme 9i 5G (Soulful Blue, 64 GB)",4.5,"33,843 ","1,508 ","₹14,999","₹7,999",16% off,4 GB   , 64 GB   
"realme 9i 5G (Metallica Gold, 64 GB)",4.5,"33,843 ","1,508 ","₹14,999","₹7,999",16% off,4 GB   , 64 GB   
"vivo T1 44W (Starry Sky, 128 GB)",4.3,"4,575 ",392 ,"₹17,999","₹7,999",24% off,8 GB   , 128 GB   
"APPLE iPhone 13 (Pink, 128 GB)",4.7,"1,65,126 ","8,945 ","₹65,999","₹7,999",5% off,128 GB  M,None
"MOTOROLA G40 Fusion (Frosted Champagne, 128 GB)",4.2,"55,043 ","5,961 ","₹16,499","₹7,999",17% off,6 GB   , 128 GB  
"MOTOROLA g82 5G(White Lily, 128 GB)",4.1,"4,317 ",588 ,"₹19,999","₹7,999",16% off,6 GB   , 128 GB   
"MOTOROLA g52 (Charcoal Grey, 64 GB)",4.2,"7,499 ",964 ,"₹12,999","₹7,999",27% off,4 GB   , 64 GB  
"MOTOROLA g52 (Metallic White, 64 GB)",4.2,"7,499 ",964 ,"₹12,999","₹7,999",27% off,4 GB   , 64 GB  
"realme C11 2021 (Cool Blue, 32 GB)",4.4,"2,32,150 ","10,148 ","₹7,499","₹7,999",6% off,2 GB   , 32 GB   
"realme C11 2021 (Cool Grey, 32 GB)",4.4,"2,32,150 ","10,148 ","₹7,499","₹7,999",6% off,2 GB   , 32 GB   
"Infinix Hot 12 (Polar Black, 64 GB)",4.2,"11,911 ",860 ,"₹9,299","₹19,999",28% off,4 GB   , 64 GB  
"POCO M4 5G (Power Black, 64 GB)",4.2,"40,668 ","3,317 ","₹12,999","₹19,999",18% off,4 GB   , 64 GB   
"POCO M4 5G (Power Black, 128 GB)",4.1,"19,873 ","1,623 ","₹14,999","₹19,999",21% off,6 GB   , 128 GB   
"POCO X4 Pro 5G (Laser Blue, 128 GB)",4.1,"12,660 ","1,332 ","₹18,999","₹19,999",26% off,8 GB   , 128 GB   
"REDMI A1 (Black, 32 GB)",4.2,758 ,45 ,"₹6,589","₹19,999",None,2 GB   , 32 GB  
"POCO M4 Pro (Power Black, 128 GB)",4.3,"1,16,129 ","10,585 ","₹16,499","₹19,999",17% off,6 GB   , 128 GB   
"APPLE iPhone 11 (Green, 64 GB)",4.6,"1,70,899 ","10,117 ","₹40,999","₹19,999",6% off,64 GB  M,None
"APPLE iPhone 13 (Pink, 128 GB)",4.7,"1,65,126 ","8,945 ","₹65,999","₹19,999",5% off,128 GB  M,None
"realme 9i 5G (Soulful Blue, 64 GB)",4.5,"33,843 ","1,508 ","₹14,999","₹19,999",16% off,4 GB   , 64 GB   
"vivo T1 44W (Starry Sky, 128 GB)",4.3,"4,575 ",392 ,"₹17,999","₹19,999",24% off,8 GB   , 128 GB   
"realme 9i 5G (Metallica Gold, 64 GB)",4.5,"33,843 ","1,508 ","₹14,999","₹19,999",16% off,4 GB   , 64 GB   
"MOTOROLA g52 (Charcoal Grey, 64 GB)",4.2,"7,499 ",964 ,"₹12,999","₹19,999",27% off,4 GB   , 64 GB  
"realme 9 Pro 5G (Midnight Black, 128 GB)",4.4,"75,373 ","6,380 ","₹19,000","₹19,999",13% off,6 GB   , 128 GB   
"realme 9 Pro 5G (Aurora Green, 128 GB)",4.4,"75,373 ","6,380 ","₹19,000","₹19,999",13% off,6 GB   , 128 GB   
"realme C11 2021 (Cool Blue, 32 GB)",4.4,"2,32,150 ","10,148 ","₹7,499","₹19,999",6% off,2 GB   , 32 GB   
"realme C11 2021 (Cool Grey, 32 GB)",4.4,"2,32,150 ","10,148 ","₹7,499","₹19,999",6% off,2 GB   , 32 GB   
"realme 9 Pro 5G (Sunrise Blue, 128 GB)",4.4,"75,373 ","6,380 ","₹19,000","₹19,999",13% off,6 GB   , 128 GB   
"SAMSUNG Galaxy F22 (Denim Blue, 128 GB)",4.3,"62,622 ","5,804 ","₹13,499","₹19,999",20% off,6 GB   , 128 GB   
"OPPO F19 (Prism Black, 128 GB)",4.3,"20,158 ","1,485 ","₹14,990","₹19,999",28% off,6 GB   , 128 GB   
"MOTOROLA g52 (Metallic White, 64 GB)",4.2,"7,499 ",964 ,"₹12,999","₹19,999",27% off,4 GB   , 64 GB  
"Redmi 9A Sport (Coral Green, 32 GB)",4.2,"5,562 ",422 ,"₹7,718","₹19,999",1% off,3 GB   , 32 GB   
"Redmi 9A Sport (Carbon Black, 32 GB)",4.1,"23,142 ","1,771 ","₹7,039","₹19,999",None,2 GB   , 32 GB   
"OnePlus Nord CE 2 Lite 5G (Black Dusk, 128 GB)",4.4,"34,061 ","2,850 ","₹19,928","₹19,999",None,6 GB   , 128 GB  
"REDMI 10A (Sea Blue, 64 GB)",4.2,"4,281 ",272 ,"₹9,195","₹19,999",None,4 GB   , 64 GB  
"SAMSUNG GALAXY M13 5G (Midnight Blue, 128 GB)",4.1,161 ,10 ,"₹14,870","₹20,999",None,6 GB   , 128 GB  
"MOTOROLA g82 5G (Meterorite Grey, 128 GB)",4.1,"4,317 ",588 ,"₹19,999","₹20,999",16% off,6 GB   , 128 GB   
"vivo T1 5G (Starlight Black, 128 GB)",4.4,"1,46,808 ","12,176 ","₹16,990","₹20,999",19% off,6 GB   , 128 GB   
"Infinix Note 12 (Jewel Blue, 128 GB)",4.2,"10,327 ","1,004 ","₹11,999","₹20,999",33% off,6 GB   , 128 GB   
"Infinix Note 12 (Force Black, 128 GB)",4.2,"10,327 ","1,004 ","₹11,999","₹20,999",33% off,6 GB   , 128 GB   
"POCO M4 Pro (Cool Blue, 64 GB)",4.3,"1,16,129 ","10,585 ","₹14,999","₹20,999",16% off,6 GB   , 64 GB   
"MOTOROLA G40 Fusion (Frosted Champagne, 128 GB)",4.2,"55,043 ","5,961 ","₹16,499","₹20,999",17% off,6 GB   , 128 GB  
"Infinix Hot 11S (7° Purple, 128 GB)",4.3,"45,942 ","4,948 ","₹9,999","₹20,999",33% off,4 GB   , 128 GB   
"POCO M4 Pro (Cool Blue, 128 GB)",4.3,"11,361 ",982 ,"₹17,999","₹20,999",18% off,8 GB   , 128 GB   
"REDMI 10A (Charcoal Black, 32 GB)",4.1,"1,277 ",88 ,"₹8,195","₹20,999",None,3 GB   , 32 GB  
"Google Pixel 7 (Obsidian, 128 GB)",4.5,"1,200 ",235 ,"₹59,999","₹20,999",None,8 GB   , 128 GB  
"REDMI Note 11 SE (Bifrost Blue, 64 GB)",4.3,"21,442 ","1,262 ","₹12,999","₹20,999",23% off,6 GB   , 64 GB   
"Tecno Spark 9 (Infinity Black, 64 GB)",4.2,148 ,10 ,"₹8,497","₹20,999",None,4 GB   , 64 GB   
"Moto G71 5G (Neptune Green, 128 GB)",4.2,"20,634 ","2,395 ","₹16,999","₹20,999",26% off,6 GB   , 128 GB  
"REDMI Note 11 SE (Thunder Purple, 64 GB)",4.3,"21,442 ","1,262 ","₹12,999","₹20,999",23% off,6 GB   , 64 GB   
"Infinix Hot 12 Pro (Lightsaber Green, 64 GB)",4.2,"4,467 ",254 ,"₹9,999","₹20,999",28% off,6 GB   , 64 GB   
"realme C11 2021 (Cool Blue, 64 GB)",4.3,"2,03,313 ","11,073 ","₹8,999","₹20,999",10% off,4 GB   , 64 GB   
"REDMI Note 11 SE (Space Black, 64 GB)",4.3,"21,442 ","1,262 ","₹12,999","₹20,999",23% off,6 GB   , 64 GB   
"REDMI 9 Activ (Carbon Black, 128 GB)",4.2,"4,108 ",274 ,"₹10,499","₹20,999",19% off,6 GB   , 128 GB   
"REDMI Note 11 SE (Cosmic White, 64 GB)",4.3,"21,442 ","1,262 ","₹12,999","₹20,999",23% off,6 GB   , 64 GB   
"POCO M5 (Icy Blue, 64 GB)",4.3,"2,058 ",153 ,"₹12,499","₹20,999",21% off,4 GB   , 64 GB   
"realme 9 (Sunburst Gold, 128 GB)",4.4,"48,630 ","3,431 ","₹17,000","₹20,999",19% off,6 GB   , 128 GB   
"realme 9 (Meteor Black, 128 GB)",4.4,"48,630 ","3,431 ","₹17,000","₹20,999",19% off,6 GB   , 128 GB   
"Google Pixel 7 Pro (Snow, 128 GB)",4.5,917 ,171 ,"₹84,999","₹20,999",None,12 GB   , 128 GB  
"APPLE iPhone 11 (Purple, 128 GB)",4.6,"1,70,899 ","10,117 ","₹45,999","₹18,999",5% off,128 GB  M,None
"POCO X4 Pro 5G (Laser Blue, 128 GB)",4.2,"53,666 ","5,484 ","₹16,999","₹18,999",29% off,6 GB   , 128 GB   
"Google Pixel 7 Pro (Hazel, 128 GB)",4.5,917 ,171 ,"₹84,999","₹18,999",None,12 GB   , 128 GB  
"REDMI 9 Activ (Carbon Black, 64 GB)",4.2,"7,754 ",552 ,"₹8,343","₹18,999",3% off,4 GB   , 64 GB   
"Tecno Pova Neo (Geek Blue, 128 GB)",4.1,517 ,44 ,"₹10,391","₹18,999",4% off,6 GB   , 128 GB   
"Tecno Pova Neo (Obsidian Black, 128 GB)",4.1,517 ,44 ,"₹11,100","₹18,999",None,6 GB   , 128 GB   
"vivo T1 5G (Silky White, 128 GB)",4.3,"55,237 ","4,461 ","₹15,990","₹18,999",20% off,4 GB   , 128 GB   
"MOTOROLA e32s (Slate Gray, 32 GB)",3.7,161 ,24 ,"₹7,997","₹18,999",11% off,3 GB   , 32 GB   
"MOTOROLA g22 (Cosmic Black, 64 GB)",3.7,"24,584 ","2,969 ","₹9,999","₹18,999",28% off,4 GB   , 64 GB   
"Redmi 9A Sport (Metallic Blue, 32 GB)",4.1,"23,142 ","1,771 ","₹6,894","₹18,999",None,2 GB   , 32 GB   
"APPLE iPhone 14 (Starlight, 128 GB)",4.6,551 ,35 ,"₹79,900","₹18,999",None,128 GB  M,None
"Infinix Note 11s Free Fire Edition (Mithril Grey, 128 GB)",4.2,"6,899 ",927 ,"₹12,999","₹18,999",31% off,8 GB   , 128 GB   
"POCO M4 Pro 5G (Power Black, 128 GB)",4.2,"35,110 ","3,192 ","₹16,999","₹18,999",15% off,6 GB   , 128 GB   
"vivo Y16 (Steller Black, 32 GB)",4.3,346 ,23 ,"₹9,989","₹18,999",None,3 GB   , 32 GB   
"vivo Y16 (Drizzling Gold, 64 GB)",4.3,346 ,23 ,"₹13,999","₹18,999",None,3 GB   , 64 GB   
"MOTOROLA G62 5G (Midnight Gray, 128 GB)",4.1,"1,381 ",152 ,"₹17,999","₹18,999",28% off,8 GB   , 128 GB  
"MOTOROLA e32s (Misty Silver, 32 GB)",3.7,161 ,24 ,"₹7,899","₹18,999",12% off,3 GB   , 32 GB   
"POCO M4 Pro 5G (Yellow, 128 GB)",4.2,"5,805 ",518 ,"₹14,999","₹18,999",31% off,8 GB   , 128 GB   
"APPLE iPhone 12 Mini (Black, 128 GB)",4.5,"1,19,016 ","9,504 ","₹59,999","₹18,999",7% off,128 GB  M,None
"realme 9 5G (Supersonic Blue, 64 GB)",4.5,"35,124 ","2,008 ","₹15,999","₹18,999",15% off,4 GB   , 64 GB   
"realme 9 5G (Meteor Black, 128 GB)",4.4,"41,043 ","2,667 ","₹17,499","₹18,999",16% off,6 GB   , 128 GB   
"realme 9 5G (Stargaze White, 64 GB)",4.5,"35,124 ","2,008 ","₹15,999","₹18,999",15% off,4 GB   , 64 GB   
"realme 9 5G (Stargaze White, 128 GB)",4.4,"41,043 ","2,667 ","₹17,499","₹18,999",16% off,6 GB   , 128 GB   
"realme 9 5G (Meteor Black, 64 GB)",4.5,"35,124 ","2,008 ","₹15,999","₹18,999",15% off,4 GB   , 64 GB   
"realme 9 (Sunburst Gold, 128 GB)",4.4,"17,509 ","1,304 ","₹18,000","₹21,999",21% off,8 GB   , 128 GB   
"Infinix Note 12 Pro 5G (Snowfall, 128 GB)",4.1,"12,453 ","1,664 ","₹16,999","₹21,999",32% off,8 GB   , 128 GB   
"Infinix Note 12 Pro 5G (Force Black, 128 GB)",4.1,"12,453 ","1,664 ","₹16,999","₹21,999",32% off,8 GB   , 128 GB   
"realme 9 (Stargaze White, 128 GB)",4.4,"48,630 ","3,431 ","₹17,000","₹21,999",19% off,6 GB   , 128 GB   
"SAMSUNG Galaxy M32 Prime Edition (Light Blue, 64 GB)",5,3 ,0 ,"₹11,980","₹21,999",None,4 GB   , 64 GB  
"APPLE iPhone 13 ((PRODUCT)RED, 128 GB)",4.7,"1,65,126 ","8,945 ","₹65,999","₹21,999",5% off,128 GB  M,None
"realme 9i 5G (Rocking Black, 128 GB)",4.3,"4,105 ",288 ,"₹16,999","₹21,999",15% off,6 GB   , 128 GB   
"POCO M4 5G (Cool Blue, 64 GB)",4.2,"40,668 ","3,317 ","₹12,999","₹21,999",18% off,4 GB   , 64 GB   
"Tecno Pop 6 Pro (Peaceful Blue, 32 MB)",4.1,15 ,0 ,"₹6,770","₹21,999",None,2 GB   , 32 MB  
"APPLE iPhone 14 (Purple, 128 GB)",4.6,551 ,35 ,"₹79,900","₹21,999",None,128 GB  M,None
"MOTOROLA g42 (Atlantic Green, 64 GB)",4.1,"2,136 ",286 ,"₹11,999","₹21,999",29% off,4 GB   , 64 GB  
"POCO M5 (Power Black, 64 GB)",4.3,"2,058 ",153 ,"₹12,499","₹21,999",21% off,4 GB   , 64 GB   
"SAMSUNG GALAXY M13 5G (Aqua Green, 128 GB)",4.1,161 ,10 ,"₹14,949","₹21,999",None,6 GB   , 128 GB  
"realme 9 5G SE (Starry Glow, 128 GB)",4.4,"23,380 ","1,929 ","₹19,999","₹21,999",20% off,6 GB   , 128 GB   
"realme 9 5G SE (Azure Glow, 128 GB)",4.4,"23,380 ","1,929 ","₹19,999","₹21,999",20% off,6 GB   , 128 GB   
"realme C30s (Stripe Blue, 32 GB)",4.4,"1,196 ",40 ,"₹7,499","₹21,999",25% off,2 GB   , 32 GB   
"Infinix Hot 11S (Green Wave, 64 GB)",4.3,"45,942 ","4,948 ","₹8,999","₹21,999",35% off,4 GB   , 64 GB   
"APPLE iPhone 12 Mini (White, 128 GB)",4.5,"1,19,016 ","9,504 ","₹59,999","₹21,999",7% off,128 GB  M,None
"Itel A49 (Dome Blue, 32 GB)",4.1,331 ,17 ,"₹5,696","₹21,999",None,2 GB   , 32 GB   
"IQOO Z6 5G (Chromatic Blue, 128 GB)",4,309 ,27 ,"₹15,899","₹21,999",None,4 GB   , 128 GB  
"realme 9 5G (Supersonic Blue, 128 GB)",4.4,"41,043 ","2,667 ","₹17,499","₹21,999",16% off,6 GB   , 128 GB   
"MOTOROLA g72 (Polar Blue, 128 GB)",4,"1,937 ",328 ,"₹17,499","₹21,999",20% off,6 GB   , 128 GB   
"MOTOROLA g72 (Meteorite Grey, 128 GB)",4,"1,937 ",328 ,"₹17,499","₹21,999",20% off,6 GB   , 128 GB   
"Google Pixel 7 (Snow, 128 GB)",4.5,"1,200 ",235 ,"₹59,999","₹21,999",None,8 GB   , 128 GB  
"Redmi Note 11 (Horizon Blue, 128 GB)",4.2,"8,300 ",661 ,"₹15,139","₹10,139",5% off,6 GB   , 128 GB  
"REDMI 9 Activ (Metallic Purple, 128 GB)",4.2,"4,108 ",274 ,"₹10,499","₹10,139",19% off,6 GB   , 128 GB   
"REDMI 9 Activ (Coral Green, 128 GB)",4.2,"4,108 ",274 ,"₹10,499","₹10,139",19% off,6 GB   , 128 GB   
"Google Pixel 7 (Lemongrass, 128 GB)",4.5,"1,200 ",235 ,"₹59,999","₹10,139",None,8 GB   , 128 GB  
"OnePlus Nord N20 SE (Blue Oasis, 64 GB)",4.3,44 ,3 ,"₹14,450","₹10,139",None,4 GB   , 64 GB  
"Micromax IN 2C (Brown, 32 GB)",4.2,"1,199 ",153 ,"₹5,999","₹10,139",36% off,3 GB   , 32 GB   
"vivo Y35 (Agate Black, 128 GB)",4.4,854 ,56 ,"₹18,499","₹10,139",19% off,8 GB   , 128 GB  
"POCO M5 (Icy Blue, 128 GB)",4.3,"1,033 ",66 ,"₹14,499","₹10,139",23% off,6 GB   , 128 GB   
"OnePlus Nord CE 2 Lite 5G (Black Dusk, 128 GB)",4.4,"34,061 ","2,850 ","₹19,999","₹10,139",None,6 GB   , 128 GB  
"OnePlus Nord CE 2 Lite 5G (Black Dusk, 128 GB)",4.4,"34,061 ","2,850 ","₹19,899","₹10,139",None,6 GB   , 128 GB  
"Infinix Note 11s Free Fire Edition (Haze Green, 128 GB)",4.2,"6,899 ",927 ,"₹12,999","₹10,139",31% off,8 GB   , 128 GB   
"REDMI Note 11T 5G (Stardust White, 128 GB)",4.2,"5,099 ",419 ,"₹17,980","₹10,139",None,6 GB   , 128 GB  
"REDMI Note 11T 5G (Aquamarine Blue, 128 GB)",4.2,"5,099 ",419 ,"₹18,990","₹10,139",None,6 GB   , 128 GB  
"POCO M5 (Yellow, 64 GB)",4.3,"2,058 ",153 ,"₹12,499","₹10,139",21% off,4 GB   , 64 GB   
"SAMSUNG Galaxy S21 FE 5G (Graphite, 128 GB)",4.3,"26,258 ","2,698 ","₹39,999","₹10,139",46% off,8 GB   , 128 GB  
"Infinix Smart 6 Plus (Tranquil Sea Blue, 64 GB)",4.3,"8,170 ",599 ,"₹7,699","₹10,139",23% off,3 GB   , 64 GB   
"REDMI Note 11S (Space Black, 128 GB)",4.2,"1,875 ",160 ,"₹15,890","₹10,139",None,6 GB   , 128 GB  
"Google Pixel 7 Pro (Hazel, 128 GB)",4.5,917 ,171 ,"₹84,999","₹10,139",None,12 GB   , 128 GB  
"Google Pixel 7 Pro (Obsidian, 128 GB)",4.5,917 ,171 ,"₹84,999","₹10,139",None,12 GB   , 128 GB  
"Infinix Hot 11S (Polar Black, 64 GB)",4.3,"45,942 ","4,948 ","₹8,999","₹10,139",35% off,4 GB   , 64 GB   
"Redmi 9A Sport (Metallic Blue, 32 GB)",4.1,"23,142 ","1,771 ","₹6,894","₹10,139",None,2 GB   , 32 GB   
"realme 9i (Prism Blue, 128 GB)",4.5,"1,07,047 ","6,258 ","₹14,999","₹10,139",11% off,4 GB   , 128 GB   
"realme 9i (Prism Blue, 64 GB)",4.5,"1,07,047 ","6,258 ","₹13,500","₹10,139",15% off,4 GB   , 64 GB   
"Tecno Spark 8T (Atlantic Blue, 64 GB)",4.2,274 ,29 ,"₹9,099","₹10,139",10% off,4 GB   , 64 GB   
"REDMI 10A (Slate Grey, 32 GB)",4.1,"1,277 ",88 ,"₹7,785","₹17,499",None,3 GB   , 32 GB  
"REDMI 10A (Charcoal Black, 32 GB)",4.1,"1,277 ",88 ,"₹8,195","₹17,499",None,3 GB   , 32 GB  
"Infinix Hot 11S (Polar Black, 64 GB)",4.3,"45,942 ","4,948 ","₹8,999","₹17,499",35% off,4 GB   , 64 GB   
"Redmi 9A Sport (Metallic Blue, 32 GB)",4.1,"23,142 ","1,771 ","₹6,894","₹17,499",None,2 GB   , 32 GB   
"realme 9i (Prism Black, 64 GB)",4.5,"1,07,047 ","6,258 ","₹13,500","₹17,499",15% off,4 GB   , 64 GB   
"Tecno Pop 5 LTE (Turquoise Cyan, 32 GB)",4.2,572 ,38 ,"₹6,526","₹17,499",None,2 GB   , 32 GB   
"realme 9 5G (Supersonic Black, 128 GB)",4.4,"41,043 ","2,667 ","₹17,499","₹17,499",16% off,6 GB   , 128 GB   
"REDMI 10A (Charcoal Black, 64 GB)",4.2,"4,281 ",272 ,"₹8,228","₹17,499",4% off,4 GB   , 64 GB  
"SAMSUNG Galaxy S21 FE 5G (White, 128 GB)",4.3,"26,258 ","2,698 ","₹39,999","₹17,499",46% off,8 GB   , 128 GB  
"REDMI A1+ (Light Green, 32 GB)",4.2,404 ,28 ,"₹7,499","₹17,499",25% off,2 GB   , 32 GB   
"Infinix Note 11 (Graphite Black, 64 GB)",4.3,"37,827 ","4,555 ","₹12,499","₹17,499",16% off,4 GB   , 64 GB   
"Redmi Note 11S (Space Black, 128 GB)",4.2,661 ,50 ,"₹16,999","₹17,499",22% off,8 GB   , 128 GB  
"Nothing Phone (1) (White, 256 GB)",4.3,"5,220 ",601 ,"₹35,999","₹17,499",16% off,12 GB   , 256 GB  
"OPPO A17 (Midnight Black, 64 GB)",4.4,891 ,36 ,"₹12,499","₹17,499",16% off,4 GB   , 64 GB   
"realme 9i 5G (Metallica Gold, 128 GB)",4.3,"4,105 ",288 ,"₹16,999","₹17,499",15% off,6 GB   , 128 GB   
"Micromax IN 2B (Green, 64 GB)",3.9,"3,262 ",547 ,"₹8,999","₹17,499",25% off,6 GB   , 64 GB   
"Tecno Pop 5 LTE (Ice Blue, 32 GB)",4.2,572 ,38 ,"₹6,527","₹17,499",3% off,2 GB   , 32 GB   
"REDMI 10A (Charcoal Black, 64 GB)",4.1,"5,735 ",365 ,"₹8,850","₹17,499",None,4 GB   , 64 GB  
"APPLE iPhone 11 (Yellow, 128 GB)",4.6,"1,70,899 ","10,117 ","₹45,999","₹17,499",5% off,128 GB  M,None
"REDMI Note 10S (Deep Sea Blue, 64 GB)",4.4,"81,252 ","5,511 ","₹14,999","₹17,499",11% off,6 GB   , 64 GB   
"realme C30 (Lake Blue, 32 GB)",4.3,"56,626 ","2,843 ","₹6,999","₹17,499",17% off,2 GB   , 32 GB   
"realme 9i (Prism Black, 128 GB)",4.5,"1,07,047 ","6,258 ","₹14,999","₹17,499",11% off,4 GB   , 128 GB   
"IQOO Z6 5G (Dynamo Black, 128 GB)",4.2,393 ,27 ,"₹17,489","₹17,499",None,6 GB   , 128 GB  
"APPLE iPhone 14 (Purple, 128 GB)",4.6,551 ,35 ,"₹79,900","₹17,499",None,128 GB  M,None
"realme C30 (Lake Blue, 32 GB)",4.3,"56,626 ","2,843 ","₹6,999","₹13,990",17% off,2 GB   , 32 GB   
"Micromax IN 2B (Blue, 64 GB)",3.9,"20,067 ","3,160 ","₹9,999","₹13,990",4% off,4 GB   , 64 GB   
"realme C30 (Bamboo Green, 32 GB)",4.3,"56,626 ","2,843 ","₹6,999","₹13,990",17% off,2 GB   , 32 GB   
"realme C30 (Denim Black, 32 GB)",4.3,"56,626 ","2,843 ","₹6,999","₹13,990",17% off,2 GB   , 32 GB   
"IQOO Z6 5G (Dynamo Black, 128 GB)",4.2,393 ,27 ,"₹17,489","₹13,990",None,6 GB   , 128 GB  
"realme 9i (Prism Black, 128 GB)",4.5,"1,07,047 ","6,258 ","₹14,999","₹13,990",11% off,4 GB   , 128 GB   
"Tecno Spark 8T (Turquoise Cyan, 64 GB)",4.2,274 ,29 ,"₹8,989","₹13,990",12% off,4 GB   , 64 GB   
"Micromax IN 2C (Brown, 32 GB)",4.2,"1,199 ",153 ,"₹5,999","₹13,990",36% off,3 GB   , 32 GB   
"APPLE iPhone 11 (Yellow, 128 GB)",4.6,"1,70,899 ","10,117 ","₹45,999","₹13,990",5% off,128 GB  M,None
"vivo Y21G (Midnight Blue, 64 GB)",4.3,"1,842 ",155 ,"₹13,499","₹13,990",24% off,4 GB   , 64 GB   
"REDMI 10A SPORT (SLATE GREY, 128 GB)",3.9,375 ,28 ,"₹10,750","₹13,990",None,6 GB   , 128 GB  
"APPLE iPhone 12 (Red, 128 GB)",4.6,"1,84,906 ","12,614 ","₹60,999","₹13,990",6% off,128 GB  M,None
"REDMI Note 10S (Deep Sea Blue, 64 GB)",4.4,"81,252 ","5,511 ","₹14,999","₹13,990",11% off,6 GB   , 64 GB   
"APPLE iPhone 11 (Red, 64 GB)",4.6,"1,70,899 ","10,117 ","₹40,999","₹13,990",6% off,64 GB  M,None
"SAMSUNG Galaxy M32 Prime Edition (Light Blue, 128 GB)",None,None,Non,"₹14,770","₹13,990",None,6 GB   , 128 GB  
"Realme C30 - Locked with Airtel Prepaid (Bamboo Green, 32 GB)",4.3,"56,626 ","2,843 ","₹6,399","₹13,990",24% off,2 GB   , 32 GB   
"Itel Vision3 (Multi Green, 32 GB)",3.8,12 ,2 ,"₹6,189","₹13,990",1% off,2 GB   , 32 GB  
"Itel A49 (Sky Cyan, 32 GB)",4.1,331 ,17 ,"₹5,699","₹13,990",1% off,2 GB   , 32 GB   
"Itel A49 (Crystal Purple, 32 GB)",4.1,331 ,17 ,"₹5,699","₹13,990",1% off,2 GB   , 32 GB   
"Infinix Note 12 5G (Force Black, 64 GB)",4.2,"8,908 ","1,025 ","₹13,999","₹13,990",30% off,6 GB   , 64 GB   
"Infinix Note 12 5G (Snowfall, 64 GB)",4.2,"8,908 ","1,025 ","₹13,999","₹13,990",30% off,6 GB   , 64 GB   
"MOTOROLA G60 (Soft Silver, 128 GB)",4.2,"1,28,585 ","13,024 ","₹14,999","₹13,990",31% off,6 GB   , 128 GB  
"Infinix Note 11 (Graphite Black, 64 GB)",4.3,"37,827 ","4,555 ","₹12,499","₹13,990",16% off,4 GB   , 64 GB   
"OPPO A16E (Midnight Black, 32 GB)",4.3,505 ,17 ,"₹9,490","₹13,990",32% off,3 GB   , 32 GB   
"MOTOROLA g42 (Metallic Rose, 64 GB)",4.1,"2,136 ",286 ,"₹11,999","₹10,999",29% off,4 GB   , 64 GB  
"realme C20 (Cool Grey, 32 GB)",4.4,"2,95,137 ","14,055 ","₹7,499","₹10,999",6% off,2 GB   , 32 GB   
"Infinix Note 11s (Haze Green, 64 GB)",4.3,"11,569 ","1,539 ","₹13,999","₹10,999",17% off,6 GB   , 64 GB   
"Infinix Smart 6 Plus (Crystal Violet, 64 GB)",4.3,"8,170 ",599 ,"₹7,699","₹10,999",23% off,3 GB   , 64 GB   
"Infinix Smart 6 Plus (Miracle Black, 64 GB)",4.3,"8,170 ",599 ,"₹7,699","₹10,999",23% off,3 GB   , 64 GB   
"vivo Y16 (Steller Black, 64 GB)",4.3,400 ,26 ,"₹12,499","₹10,999",21% off,4 GB   , 64 GB   
"LAVA Blaze (Glass Red, 64 GB)",None,None,Non,"₹9,729","₹10,999",None,4 GB   , 64 GB   
"POCO X4 Pro 5G (Laser Blue, 64 GB)",4.2,"53,666 ","5,484 ","₹15,999","₹10,999",30% off,6 GB   , 64 GB   
"APPLE iPhone 12 (Blue, 256 GB)",4.6,"1,84,906 ","12,614 ","₹70,999","₹10,999",5% off,256 GB  M,None
"APPLE iPhone 12 Mini (Black, 256 GB)",4.5,"1,19,016 ","9,504 ","₹69,999","₹10,999",6% off,256 GB  M,None
"realme C30s (Stripe Black, 32 GB)",4.4,"1,196 ",40 ,"₹7,499","₹10,999",25% off,2 GB   , 32 GB   
"Infinix Hot 12 Pro (Halo White, 128 GB)",3.9,"3,297 ",289 ,"₹11,999","₹10,999",25% off,8 GB   , 128 GB   
"Infinix Hot 12 Pro (Halo White, 64 GB)",4.2,"4,467 ",254 ,"₹9,999","₹10,999",28% off,6 GB   , 64 GB   
"Infinix Hot 12 Pro (Racing Black, 64 GB)",4.2,"4,467 ",254 ,"₹9,999","₹10,999",28% off,6 GB   , 64 GB   
"realme C25_Y (Glacier Blue, 64 GB)",4.5,"45,724 ","2,188 ","₹10,999","₹10,999",15% off,4 GB   , 64 GB  
"realme C25_Y (Metal Grey, 128 GB)",4.5,"45,724 ","2,188 ","₹11,999","₹10,999",14% off,4 GB   , 128 GB  
"APPLE iPhone 13 (Green, 256 GB)",4.7,"1,65,126 ","8,945 ","₹75,999","₹10,999",4% off,256 GB  M,None
"Redmi Note 11S (Space Black, 128 GB)",4.2,661 ,50 ,"₹16,999","₹10,999",22% off,8 GB   , 128 GB  
"POCO M4 5G (Yellow, 128 GB)",4.1,"19,873 ","1,623 ","₹14,999","₹10,999",21% off,6 GB   , 128 GB   
"Realme C30 - Locked with Airtel Prepaid (Denim Black, 32 GB)",4.3,"56,626 ","2,843 ","₹6,399","₹10,999",24% off,2 GB   , 32 GB   
"APPLE iPhone 12 (Green, 128 GB)",4.6,"1,84,906 ","12,614 ","₹60,999","₹10,999",6% off,128 GB  M,None
"REDMI 9 Prime (Space Blue, 64 GB)",4.4,"2,26,277 ","15,263 ","₹11,490","₹10,999",None,4 GB   , 64 GB   
"Tecno Spark Go 2022 (ice silver, 32 GB)",4.2,657 ,50 ,"₹6,799","₹10,999",1% off,2 GB   , 32 GB  
"realme C21Y (Cross Blue, 64 GB)",4.5,"2,52,773 ","9,542 ","₹10,499","₹10,999",4% off,4 GB   , 64 GB   
"REDMI 10 Prime (Bifrost Blue, 64 GB)",4.2,"11,400 ",853 ,"₹12,990","₹11,999",7% off,4 GB   , 64 GB   
"OPPO A16 (Crystal Black, 64 GB)",4.3,"3,563 ",253 ,"₹12,990","₹11,999",18% off,4 GB   , 64 GB  
"REDMI Note 10T 5G (Metallic Blue, 64 GB)",4.3,"42,946 ","3,113 ","₹14,999","₹11,999",11% off,4 GB   , 64 GB  
"vivo Y01 (Elegant Black, 32 GB)",4.2,964 ,62 ,"₹12,999","₹11,999",None,2 GB   , 32 GB  
"vivo Y01 (Sapphire Blue, 32 GB)",4.2,964 ,62 ,"₹12,999","₹11,999",None,2 GB   , 32 GB  
"vivo Y12s (Glacier Blue, 32 GB)",4.3,"16,079 ","1,124 ","₹10,949","₹11,999",21% off,3 GB   , 32 GB   
"REDMI 10 Prime (Bifrost Blue, 128 GB)",4.2,"8,040 ",582 ,"₹15,899","₹11,999",None,6 GB   , 128 GB   
"Nothing Phone (1) (Black, 256 GB)",4.3,"5,220 ",601 ,"₹35,999","₹11,999",16% off,12 GB   , 256 GB  
"realme C21Y (Cross Black, 32 GB)",4.6,"89,077 ","3,070 ","₹9,500","₹11,999",4% off,3 GB   , 32 GB   
"realme C21Y (Cross Black, 64 GB)",4.5,"2,52,773 ","9,542 ","₹10,499","₹11,999",4% off,4 GB   , 64 GB   
"Tecno Spark 9 (Sky Mirror, 64 GB)",4.2,148 ,10 ,"₹8,990","₹11,999",None,4 GB   , 64 GB   
"SAMSUNG GALAXY M13 (Midnight Blue, 128 GB)",4.1,256 ,16 ,"₹13,989","₹11,999",None,6 GB   , 128 GB  
"Infinix Hot 12 Pro (Lightsaber Green, 128 GB)",3.9,"3,297 ",289 ,"₹11,999","₹11,999",25% off,8 GB   , 128 GB   
"realme 8i (Space Black, 64 GB)",4.5,"1,70,958 ","10,813 ","₹13,999","₹11,999",12% off,4 GB   , 64 GB   
"REDMI 10A (Sea Blue, 64 GB)",4.1,"5,735 ",365 ,"₹8,862","₹11,999",None,4 GB   , 64 GB  
"APPLE iPhone 12 (Purple, 128 GB)",4.6,"1,84,906 ","12,614 ","₹60,999","₹11,999",6% off,128 GB  M,None
"APPLE iPhone 12 (Purple, 256 GB)",4.6,"1,84,906 ","12,614 ","₹70,999","₹11,999",5% off,256 GB  M,None
"SAMSUNG GALAXY M13 5G (?Stardust Brown, 128 GB)",4.1,161 ,10 ,"₹14,930","₹11,999",3% off,6 GB   , 128 GB  
"Moto G71 5G (Arctic Blue, 128 GB)",4.2,"20,634 ","2,395 ","₹16,999","₹11,999",26% off,6 GB   , 128 GB  
"POCO X4 Pro 5G (Yellow, 64 GB)",4.2,"53,666 ","5,484 ","₹15,999","₹11,999",30% off,6 GB   , 64 GB   
"OPPO A16 (Pearl Blue, 64 GB)",4.3,"3,563 ",253 ,"₹12,990","₹11,999",18% off,4 GB   , 64 GB  
"SAMSUNG Galaxy F12 (Sky Blue, 128 GB)",4.3,"2,96,026 ","23,468 ","₹11,499","₹11,999",17% off,4 GB   , 128 GB   
"IQOO Z6 44W (Ravan Black, 128 GB)",4.3,486 ,31 ,"₹16,485","₹11,999",None,6 GB   , 128 GB  
"POCO M3 (Power Black, 64 GB)",4.3,"1,24,071 ","8,922 ","₹10,999","₹11,999",8% off,4 GB   , 64 GB   
"SAMSUNG Galaxy F12 (Sky Blue, 128 GB)",4.3,"2,96,026 ","23,468 ","₹11,499","₹7,999",17% off,4 GB   , 128 GB   
"OPPO A16 (Pearl Blue, 64 GB)",4.3,"3,563 ",253 ,"₹12,990","₹7,999",18% off,4 GB   , 64 GB  
"SAMSUNG Galaxy M32 (Light Blue, 64 GB)",4.2,"3,961 ",402 ,"₹14,379","₹7,999",None,4 GB   , 64 GB  
"POCO M3 (Power Black, 64 GB)",4.3,"1,24,071 ","8,922 ","₹10,999","₹7,999",8% off,4 GB   , 64 GB   
"realme 8s 5G (Universe Purple, 128 GB)",4.4,"53,185 ","4,768 ","₹19,999","₹7,999",13% off,8 GB   , 128 GB   
"REDMI 9 Prime (Sunrise Flare, 64 GB)",4.4,"2,26,277 ","15,263 ","₹11,490","₹7,999",None,4 GB   , 64 GB   
"realme 8s 5G (Universe Blue, 128 GB)",4.4,"75,840 ","6,166 ","₹17,999","₹7,999",14% off,6 GB   , 128 GB   
"APPLE iPhone 12 (Blue, 64 GB)",4.6,"1,84,906 ","12,614 ","₹55,999","₹7,999",6% off,64 GB  M,None
"Infinix Note 11 (Glacier Green, 128 GB)",4.2,"9,805 ","1,177 ","₹12,499","₹7,999",26% off,6 GB   , 128 GB   
"Infinix Note 11 (Celestial Snow, 64 GB)",4.3,"37,827 ","4,555 ","₹12,499","₹7,999",16% off,4 GB   , 64 GB   
"Infinix Note 11 (Celestial Snow, 128 GB)",4.2,"9,805 ","1,177 ","₹12,499","₹7,999",26% off,6 GB   , 128 GB   
"realme 8 5G (Supersonic Blue, 128 GB)",4.3,"75,461 ","6,009 ","₹16,499","₹7,999",2% off,4 GB   , 128 GB   
"APPLE iPhone 13 (Green, 256 GB)",4.7,"1,65,126 ","8,945 ","₹75,999","₹7,999",4% off,256 GB  M,None
"Redmi Note 11 (Space Black, 64 GB)",4.2,"8,537 ",791 ,"₹11,498","₹7,999",None,4 GB   , 64 GB   
"Redmi Note 11 (Horizon Blue, 128 GB)",4.2,"8,300 ",661 ,"₹15,139","₹7,999",1% off,6 GB   , 128 GB  
"REDMI Note 10T 5G (Mint Green, 128 GB)",4.2,"29,582 ","2,288 ","₹16,999","₹7,999",10% off,6 GB   , 128 GB  
"MOTOROLA Edge 30 Fusion (Solar Gold, 128 GB)",4.3,"1,478 ",270 ,"₹39,999","₹7,999",20% off,8 GB   , 128 GB  
"vivo Y22 (Starlit Blue, 128 GB)",4.3,224 ,16 ,"₹16,499","₹7,999",None,6 GB   , 128 GB   
"APPLE iPhone 12 (Blue, 256 GB)",4.6,"1,84,906 ","12,614 ","₹70,999","₹7,999",5% off,256 GB  M,None
"Infinix Smart 5A (Ocean Wave, 32 GB)",4.3,"77,840 ","5,349 ","₹7,199","₹7,999",10% off,2 GB   , 32 GB   
"realme 8s 5G (Universe Blue, 128 GB)",4.4,"53,185 ","4,768 ","₹19,999","₹7,999",13% off,8 GB   , 128 GB   
"POCO M2 Pro (Two Shades of Black, 64 GB)",4.3,"2,48,151 ","24,422 ","₹13,990","₹7,999",None,4 GB   , 64 GB   
"APPLE iPhone 12 (Black, 256 GB)",4.6,"1,84,906 ","12,614 ","₹70,999","₹7,999",5% off,256 GB  M,None
"Infinix Smart 5A (Quetzal Cyan, 32 GB)",4.3,"77,840 ","5,349 ","₹7,199","₹7,999",10% off,2 GB   , 32 GB   
"Infinix Note 11s (Symphony Cyan, 64 GB)",4.3,"11,569 ","1,539 ","₹13,999","₹15,999",17% off,6 GB   , 64 GB   
"MOTOROLA G62 5G (Frosted Blue, 128 GB)",4.1,"1,381 ",152 ,"₹17,999","₹15,999",28% off,8 GB   , 128 GB  
"APPLE iPhone 12 Mini (Black, 256 GB)",4.5,"1,19,016 ","9,504 ","₹69,999","₹15,999",6% off,256 GB  M,None
"SAMSUNG GALAXY M13 5G (?Stardust Brown, 128 GB)",4.1,161 ,10 ,"₹14,940","₹15,999",None,6 GB   , 128 GB  
"SAMSUNG Galaxy M33 5G (Mystique Green, 128 GB)",4.2,"6,365 ",553 ,"₹17,445","₹15,999",None,6 GB   , 128 GB  
"REDMI NOTE 10 LITE (Aurora Blue, 64 GB)",4.3,"2,066 ",164 ,"₹13,250","₹15,999",None,4 GB   , 64 GB  
"SAMSUNG Galaxy F13 (Nightsky Green, 128 GB)",4.4,"95,967 ","5,232 ","₹12,999","₹15,999",23% off,4 GB   , 128 GB   
"realme Narzo 30 5G (Racing Silver, 128 GB)",4.3,"83,596 ","7,310 ","₹16,999","₹15,999",5% off,6 GB   , 128 GB   
"APPLE iPhone 13 (Pink, 256 GB)",4.7,"1,65,126 ","8,945 ","₹75,999","₹15,999",4% off,256 GB  M,None
"APPLE iPhone 14 Plus (Starlight, 128 GB)",4.5,214 ,27 ,"₹89,900","₹15,999",None,128 GB  M,None
"REDMI 9 Prime (Matte Black, 64 GB)",4.4,"2,26,277 ","15,263 ","₹11,490","₹15,999",None,4 GB   , 64 GB   
"vivo Y21G (Diamond Glow, 64 GB)",4.3,"1,842 ",155 ,"₹13,499","₹15,999",24% off,4 GB   , 64 GB   
"Tecno Spark 9 (Sky Mirror, 64 GB)",4.2,148 ,10 ,"₹8,990","₹15,999",None,4 GB   , 64 GB   
"REDMI Note 9 (Aqua Green, 64 GB)",4.3,"1,23,138 ","9,420 ","₹11,999","₹15,999",20% off,4 GB   , 64 GB   
"POCO M2 Pro (Two Shades of Black, 64 GB)",4.3,"2,48,151 ","24,422 ","₹13,990","₹15,999",None,4 GB   , 64 GB   
"POCO M5 (Yellow, 128 GB)",4.3,"1,033 ",66 ,"₹14,499","₹15,999",23% off,6 GB   , 128 GB   
"APPLE iPhone 12 (Purple, 256 GB)",4.6,"1,84,906 ","12,614 ","₹70,999","₹15,999",5% off,256 GB  M,None
"Tecno Pop 6 Pro (Polar Black, 32 GB)",4.1,15 ,0 ,"₹6,770","₹15,999",None,2 GB   , 32 GB  
"APPLE iPhone 14 Plus ((PRODUCT)RED, 128 GB)",4.5,214 ,27 ,"₹89,900","₹15,999",None,128 GB  M,None
"IQOO Z6 Lite 5G (Without Charger) (Stellar Green, 128 GB)",4,251 ,18 ,"₹15,890","₹15,999",None,6 GB   , 128 GB  
"Tecno Spark Go 2022 (Atlantic Blue, 32 GB)",4.2,657 ,50 ,"₹6,865","₹15,999",None,2 GB   , 32 GB  
"POCO X4 Pro 5G (Yellow, 64 GB)",4.2,"53,666 ","5,484 ","₹15,999","₹15,999",30% off,6 GB   , 64 GB   
"Infinix Smart 5A (Midnight Black, 32 GB)",4.3,"77,840 ","5,349 ","₹7,199","₹15,999",10% off,2 GB   , 32 GB   
"realme 8i (Space Purple, 64 GB)",4.5,"1,70,958 ","10,813 ","₹13,999","₹15,999",12% off,4 GB   , 64 GB   
"APPLE iPhone 12 (Black, 128 GB)",4.6,"1,84,906 ","12,614 ","₹60,999","₹16,999",6% off,128 GB  M,None
"OPPO A16E (White, 32 GB)",4.3,505 ,17 ,"₹9,490","₹16,999",32% off,3 GB   , 32 GB   
"LYF C459 (Blue, 8 GB)",3.4,"2,545 ",318 ,"₹3,090","₹16,999",None,1 GB   , 8 GB   
"LYF C459 (Black, 8 GB)",3.4,"2,545 ",318 ,"₹3,129","₹16,999",None,1 GB   , 8 GB   
"IQOO Z6 5G (Dynamo Black, 128 GB)",4.1,231 ,21 ,"₹18,749","₹16,999",None,8 GB   , 128 GB  
"Tecno Spark 9T (Atlantic Blue, 64 GB)",4.3,35 ,2 ,"₹9,587","₹16,999",None,4 GB   , 64 GB   
"APPLE iPhone 13 Pro Max (Alpine Green, 256 GB)",4.6,"1,727 ",168 ,"₹1,25,199","₹16,999",10% off,256 GB  M,None
"OPPO A16E (White, 64 GB)",4.2,"1,380 ",58 ,"₹15,990","₹16,999",None,4 GB   , 64 GB   
"REDMI Note 10T 5G (Chromium White, 64 GB)",4.3,"42,946 ","3,113 ","₹14,999","₹16,999",11% off,4 GB   , 64 GB  
"vivo Y22 (Starlit Blue, 64 GB)",4.3,288 ,20 ,"₹14,499","₹16,999",19% off,4 GB   , 64 GB   
"MOTOROLA G40 Fusion (Frosted Champagne, 64 GB)",4.2,"32,763 ","3,692 ","₹14,499","₹16,999",14% off,4 GB   , 64 GB  
"REDMI Note 11s (Space Black, 128 GB)",4.2,711 ,68 ,"₹16,140","₹16,999",2% off,8 GB   , 128 GB  
"vivo Y35 (Dawn Gold, 128 GB)",4.4,854 ,56 ,"₹18,499","₹16,999",19% off,8 GB   , 128 GB  
"MOTOROLA G51 5G (Indigo Blue, 64 GB)",4.1,"15,490 ","1,935 ","₹14,999","₹16,999",16% off,4 GB   , 64 GB   
"REDMI 9i (Sea Blue, 64 GB)",4.3,"5,74,493 ","33,974 ","₹8,999","₹16,999",10% off,4 GB   , 64 GB   
"APPLE iPhone 12 Mini (Red, 256 GB)",4.5,"1,19,016 ","9,504 ","₹69,999","₹16,999",6% off,256 GB  M,None
"realme C25Y (Metal Grey, 64 GB)",4.4,"1,37,389 ","5,916 ","₹10,999","₹16,999",15% off,4 GB   , 64 GB   
"Infinix Note 11s (Mithril Grey, 64 GB)",4.3,"11,569 ","1,539 ","₹13,999","₹16,999",17% off,6 GB   , 64 GB   
"APPLE iPhone 13 (Starlight, 256 GB)",4.7,"1,65,126 ","8,945 ","₹75,999","₹16,999",4% off,256 GB  M,None
"vivo Y16 (Steller Black, 64 GB)",4.3,346 ,23 ,"₹10,999","₹16,999",21% off,3 GB   , 64 GB   
"Redmi Note 11 (Horizon Blue, 64 GB)",4.2,"8,537 ",791 ,"₹12,480","₹16,999",None,4 GB   , 64 GB   
"Redmi Note 11 (Starburst White, 64 GB)",4.2,"8,300 ",661 ,"₹13,161","₹16,999",2% off,6 GB   , 64 GB  
"Redmi Note 11 (Starburst White, 64 GB)",4.2,"8,300 ",661 ,"₹13,399","₹16,999",None,6 GB   , 64 GB  
"Infinix Note 11 (Graphite Black, 128 GB)",4.2,"9,805 ","1,177 ","₹12,499","₹16,999",26% off,6 GB   , 128 GB   
"IQOO Z6 44W (Lumina Blue, 128 GB)",4.4,128 ,6 ,"₹17,499","₹18,999",None,8 GB   , 128 GB  
"REDMI A1+ (Black, 32 GB)",4,182 ,16 ,"₹8,499","₹18,999",22% off,3 GB   , 32 GB   
"APPLE iPhone 13 ((PRODUCT)RED, 256 GB)",4.7,"1,65,126 ","8,945 ","₹75,999","₹18,999",4% off,256 GB  M,None
"OPPO A77 (Sky Blue, 64 GB)",4.4,141 ,8 ,"₹15,499","₹18,999",18% off,4 GB   , 64 GB   
"SAMSUNG Galaxy M32 (Light Blue, 64 GB)",4.2,"3,961 ",402 ,"₹12,335","₹18,999",23% off,4 GB   , 64 GB   
"POCO M3 (Yellow, 64 GB)",4.3,"1,24,071 ","8,922 ","₹11,490","₹18,999",4% off,4 GB   , 64 GB   
"realme C30s (Stripe Blue, 64 GB)",4.2,"1,407 ",97 ,"₹8,999","₹18,999",25% off,4 GB   , 64 GB   
"realme C30s (Stripe Black, 64 GB)",4.2,"1,407 ",97 ,"₹8,999","₹18,999",25% off,4 GB   , 64 GB   
"IQOO Z6 44W (Lumina Blue, 128 GB)",4.2,469 ,40 ,"₹14,980","₹18,999",None,4 GB   , 128 GB  
"LAVA Blaze (Glass Red, 64 GB)",None,None,Non,"₹9,729","₹18,999",None,4 GB   , 64 GB   
"Tecno Spark 8P (Turquoise Cyan, 64 GB)",4.4,5 ,1 ,"₹9,975","₹18,999",None,4 GB   , 64 GB   
"Infinix Note 12 TURBO (Jewel Blue, 128 GB)",4.2,"6,371 ",841 ,"₹14,999","₹18,999",25% off,8 GB   , 128 GB   
"Infinix Note 12 TURBO (Snowfall, 128 GB)",4.2,"6,371 ",841 ,"₹14,999","₹18,999",25% off,8 GB   , 128 GB   
"SAMSUNG Galaxy S22 Plus 5G (Phantom Black, 128 GB)",4.5,"1,665 ",190 ,"₹69,999","₹18,999",31% off,8 GB   , 128 GB  
"realme C25s (Watery Grey, 128 GB)",4.4,"50,375 ","2,920 ","₹11,999","₹18,999",None,4 GB   , 128 GB   
"REDMI Note 11S (Horizon Blue, 128 GB)",4.2,"1,875 ",160 ,"₹14,745","₹18,999",None,6 GB   , 128 GB  
"realme 9i (Prism Blue, 128 GB)",4.5,"24,227 ","1,442 ","₹16,000","₹18,999",11% off,6 GB   , 128 GB   
"Itel A48 (Gradation Black, 32 GB)",3.9,"3,166 ",237 ,"₹5,999","₹18,999",3% off,2 GB   , 32 GB   
"APPLE iPhone 12 (White, 64 GB)",4.6,"1,84,906 ","12,614 ","₹55,999","₹18,999",6% off,64 GB  M,None
"REDMI Note 11S (Polar White, 64 GB)",4.2,"1,875 ",160 ,"₹15,999","₹18,999",5% off,6 GB   , 64 GB  
"Infinix Hot 11 (Silver Wave, 64 GB)",4.3,"15,855 ","1,366 ","₹9,999","₹18,999",16% off,4 GB   , 64 GB   
"Tecno Camon 19 (Memphis Green, 128 GB)",4.2,119 ,13 ,"₹15,129","₹18,999",None,6 GB   , 128 GB   
"Tecno Spark 8P (Atlantic Blue, 64 GB)",4.4,5 ,1 ,"₹9,965","₹18,999",None,4 GB   , 64 GB   
"REDMI Note 10T 5G (Graphite Black, 128 GB)",4.2,"29,582 ","2,288 ","₹16,999","₹18,999",10% off,6 GB   , 128 GB  
"APPLE iPhone 13 (Blue, 256 GB)",4.7,"1,65,126 ","8,945 ","₹75,999","₹12,999",4% off,256 GB  M,None
"SAMSUNG GALAXY M13 (Stardust Brown, 64 GB)",4.2,"1,237 ",82 ,"₹11,999","₹12,999",None,4 GB   , 64 GB  
"realme Narzo 30 (Racing Blue, 128 GB)",4.3,"75,750 ","6,019 ","₹15,499","₹12,999",8% off,6 GB   , 128 GB   
"realme Narzo 30 (Racing Silver, 128 GB)",4.3,"75,750 ","6,019 ","₹15,499","₹12,999",8% off,6 GB   , 128 GB   
"Infinix Zero 5G (Horizon Blue, 128 GB)",4.2,"9,190 ","1,406 ","₹17,999","₹12,999",28% off,8 GB   , 128 GB   
"APPLE iPhone 12 Mini (Green, 256 GB)",4.5,"1,19,016 ","9,504 ","₹69,999","₹12,999",6% off,256 GB  M,None
"APPLE iPhone 13 (Midnight, 256 GB)",4.7,"1,65,126 ","8,945 ","₹75,999","₹12,999",4% off,256 GB  M,None
"Redmi 8 (Emerald Green, 64 GB)",4.4,"9,41,401 ","67,104 ","₹10,749","₹12,999",2% off,4 GB   , 64 GB   
"OPPO A57 (Green, 64 GB)",4.4,"1,849 ",98 ,"₹13,949","₹12,999",3% off,4 GB   , 64 GB  
"Redmi 9A (SeaBlue, 32 GB)",4.3,"21,247 ","1,273 ","₹7,989","₹12,999",None,2 GB   , 32 GB  
"APPLE iPhone 14 Plus (Purple, 128 GB)",4.5,214 ,27 ,"₹89,900","₹12,999",None,128 GB  M,None
"Redmi 9A (Midnight Black, 32 GB)",4.3,"21,247 ","1,273 ","₹7,754","₹12,999",None,2 GB   , 32 GB  
"realme C21 (Cross Blue, 64 GB)",4.4,"1,46,524 ","7,094 ","₹10,499","₹12,999",4% off,4 GB   , 64 GB   
"realme C21 (Cross Black, 64 GB)",4.4,"1,46,524 ","7,094 ","₹10,499","₹12,999",4% off,4 GB   , 64 GB   
"realme C25_Y (Glacier Blue, 128 GB)",4.5,"45,724 ","2,188 ","₹11,999","₹12,999",14% off,4 GB   , 128 GB  
"Infinix Note 12 TURBO (Force Black, 128 GB)",4.2,"6,371 ",841 ,"₹14,999","₹12,999",25% off,8 GB   , 128 GB   
"MOTOROLA g82 5G(White Lily, 128 GB)",4.1,"4,317 ",588 ,"₹19,999","₹12,999",16% off,6 GB   , 128 GB   
"vivo Y15c (Wave Green, 64 GB)",4.1,900 ,69 ,"₹14,990","₹12,999",None,3 GB   , 64 GB   
"SAMSUNG Galaxy A22 5G (Gray, 128 GB)",4.1,821 ,85 ,"₹17,479","₹12,999",None,8 GB   , 128 GB   
"Itel A47 (Cosmic Purple, 32 GB)",4,615 ,50 ,"₹5,190","₹12,999",None,2 GB   , 32 GB   
"vivo Y21T (Midnight Blue, 128 GB)",4.4,"1,471 ",105 ,"₹15,499","₹12,999",22% off,4 GB   , 128 GB   
"Infinix Note 11 (Glacier Green, 64 GB)",4.3,"37,827 ","4,555 ","₹12,499","₹12,999",16% off,4 GB   , 64 GB   
"APPLE iPhone 14 Plus (Starlight, 256 GB)",4.5,214 ,27 ,"₹99,900","₹12,999",None,256 GB  M,None
"MOTOROLA e32s (Misty Silver, 64 GB)",3.8,"1,244 ",149 ,"₹9,999","₹12,999",23% off,4 GB   , 64 GB   
"realme C21Y (Cross Blue, 32 GB)",4.6,"89,077 ","3,070 ","₹9,500","₹18,999",4% off,3 GB   , 32 GB   
"Infinix Zero 5G (Cosmic Black, 128 GB)",4.2,"9,190 ","1,406 ","₹17,999","₹18,999",28% off,8 GB   , 128 GB   
"IQOO Z6 5G (Chromatic Blue, 128 GB)",4.2,393 ,27 ,"₹17,990","₹18,999",None,6 GB   , 128 GB  
"APPLE iPhone 14 Plus (Blue, 128 GB)",4.5,214 ,27 ,"₹89,900","₹18,999",None,128 GB  M,None
"APPLE iPhone 14 (Purple, 256 GB)",4.6,551 ,35 ,"₹89,900","₹18,999",None,256 GB  M,None
"realme Narzo 50A (Oxygen Blue, 64 GB)",4.4,"3,36,197 ","22,022 ","₹11,499","₹18,999",11% off,4 GB   , 64 GB   
"Itel Vision 3 (Deep Ocean Black, 64 GB)",4,365 ,43 ,"₹6,999","₹18,999",None,3 GB   , 64 GB   
"SAMSUNG Galaxy A22 5G (Gray, 128 GB)",4.1,821 ,85 ,"₹17,479","₹18,999",None,8 GB   , 128 GB   
"MOTOROLA e32 (Arctic Blue, 64 GB)",4,73 ,11 ,"₹9,499","₹18,999",20% off,4 GB   , 64 GB   
"realme C25s (Watery Grey, 128 GB)",4.4,"50,375 ","2,920 ","₹11,999","₹18,999",None,4 GB   , 128 GB   
"REDMI Note 10S (Frost White, 128 GB)",4.2,"7,028 ",653 ,"₹18,499","₹18,999",11% off,8 GB   , 128 GB   
"REDMI 11 Prime (Playful Green, 64 GB)",None,None,Non,"₹11,600","₹18,999",2% off,4 GB   , 64 GB  
"APPLE iPhone 12 (Black, 64 GB)",4.6,"1,84,906 ","12,614 ","₹55,999","₹18,999",6% off,64 GB  M,None
"Redmi Note 11 (Horizon Blue, 64 GB)",4.2,"8,300 ",661 ,"₹14,789","₹18,999",None,6 GB   , 64 GB  
"Redmi Note 11 (Horizon Blue, 128 GB)",4.2,"8,300 ",661 ,"₹15,225","₹18,999",1% off,6 GB   , 128 GB  
"Infinix Zero 5G (Skylight Orange, 128 GB)",4.2,"9,190 ","1,406 ","₹17,999","₹18,999",28% off,8 GB   , 128 GB   
"REDMI 10A SPORT (SEA BLUE, 128 GB)",3.9,375 ,28 ,"₹10,798","₹18,999",22% off,6 GB   , 128 GB  
"SAMSUNG Galaxy A13 (Black, 128 GB)",4.1,577 ,43 ,"₹15,999","₹18,999",19% off,4 GB   , 128 GB   
"APPLE iPhone 13 (Pink, 512 GB)",4.7,"1,65,126 ","8,945 ","₹95,999","₹18,999",3% off,512 GB  M,None
"REDMI 10 Prime 2022 (Bifrost Blue, 64 GB)",4.2,"2,789 ",198 ,"₹12,489","₹18,999",3% off,4 GB   , 64 GB  
"SAMSUNG Galaxy F23 5G (Copper Blush, 128 GB)",4.2,"29,920 ","2,416 ","₹15,999","₹18,999",30% off,4 GB   , 128 GB   
"Itel Vision2S (Gradation Blue, 32 GB)",4,936 ,92 ,"₹6,190","₹18,999",None,2 GB   , 32 GB   
"APPLE iPhone 14 Plus (Starlight, 256 GB)",4.5,214 ,27 ,"₹99,900","₹18,999",None,256 GB  M,None
"REDMI Note 10S (Frost White, 128 GB)",4.4,"81,252 ","5,511 ","₹16,499","₹18,999",13% off,6 GB   , 128 GB   
"I Kall Z17 (Tarnish, 64 GB)",None,None,Non,None,"₹94,900",None,4 GB   , 64 GB   
"Tecno Spark 8C (Turquoise Cyan, 64 GB)",4.2,412 ,32 ,"₹8,129","₹94,900",1% off,3 GB   , 64 GB   
"Tecno Spark 8C (Turquoise Cyan, 64 GB)",4.3,93 ,9 ,"₹9,184","₹94,900",None,4 GB   , 64 GB   
"OPPO A31 (Mystery Black, 128 GB)",4.3,"29,509 ","1,860 ","₹13,910","₹94,900",None,6 GB   , 128 GB   
"Nokia 105 DS (Blue, 4 MB)",4.2,"18,087 ","1,810 ","₹1,500","₹94,900",None,4 MB   , 4 MB  
"SAMSUNG Galaxy A03s (Blue, 64 GB)",4,916 ,70 ,"₹9,999","₹94,900",31% off,4 GB   , 64 GB   
"Redmi 6 Pro (Gold, 32 GB)",4.3,"11,472 ",830 ,"₹8,999","₹94,900",5% off,3 GB   , 32 GB   
"realme C21 (Cross Black, 32 GB)",4.4,"71,459 ","3,902 ","₹9,500","₹94,900",4% off,3 GB   , 32 GB   
"SAMSUNG Galaxy M12 (Black, 128 GB)",4.2,"7,501 ",540 ,"₹13,389","₹94,900",None,6 GB   , 128 GB  
"APPLE iPhone 13 Mini (Starlight, 512 GB)",4.5,"2,930 ",251 ,"₹79,990","₹94,900",15% off,512 GB  M,None
"REDMI Note 10S (Deep Sea Blue, 128 GB)",4.2,"7,028 ",653 ,"₹18,499","₹94,900",11% off,8 GB   , 128 GB   
"OPPO A16 (Royal Gold, 64 GB)",4.3,"3,563 ",253 ,"₹12,990","₹94,900",18% off,4 GB   , 64 GB  
"Redmi 8A Dual (Sea Blue, 64 GB)",4.2,"18,159 ","1,184 ","₹8,990","₹94,900",None,3 GB   , 64 GB   
"Itel A25 (Gradation Purple, 16 GB)",3.9,"1,048 ",97 ,"₹5,078","₹94,900",None,1 GB   , 16 GB   
"OPPO F17 Pro (Matte Black, 128 GB)",4.3,"28,310 ","2,438 ","₹17,990","₹94,900",30% off,8 GB   , 128 GB   
"POCO M3 Pro 5G (Power Black, 128 GB)",4.2,"51,886 ","4,399 ","₹16,499","₹94,900",8% off,6 GB   , 128 GB   
"OPPO A12 (Black, 32 GB)",4.4,"74,813 ","4,499 ","₹9,990","₹94,900",9% off,3 GB   , 32 GB   
"OPPO A12 (Flowing Silver, 64 GB)",4.4,"67,221 ","3,100 ","₹10,990","₹94,900",8% off,4 GB   , 64 GB   
"OPPO A54 (Crystal Black, 64 GB)",4.4,"10,676 ",659 ,"₹13,990","₹94,900",6% off,4 GB   , 64 GB   
"OPPO A54 (Moonlight Gold, 128 GB)",4.3,"3,955 ",225 ,"₹15,990","₹94,900",11% off,6 GB   , 128 GB   
"OPPO A54 (Crystal Black, 128 GB)",4.3,"3,955 ",225 ,"₹15,990","₹94,900",11% off,6 GB   , 128 GB   
"I Kall Z16 (SKY BLUE, 64 GB)",None,None,Non,None,"₹94,900",None,4 GB   , 64 GB   
"I Kall Z16 (jude green, 64 GB)",None,None,Non,None,"₹94,900",None,4 GB   , 64 GB   
"APPLE iPhone 13 Mini (Blue, 512 GB)",4.5,"2,930 ",251 ,"₹79,990","₹94,900",15% off,512 GB  M,None
"Nokia G21 (Dusk, 64 GB)",4.1,178 ,44 ,"₹12,999","₹12,999",10% off,4 GB   , 64 GB  
"SAMSUNG Galaxy A12 (Blue, 64 GB)",4.1,"4,692 ",379 ,"₹12,999","₹12,999",18% off,4 GB   , 64 GB   
"MOTOROLA G51 5G (Bright Silver, 64 GB)",4.1,"15,490 ","1,935 ","₹14,999","₹12,999",16% off,4 GB   , 64 GB   
"Micromax IN Note 1 (White, 64 GB)",4.1,"48,750 ","8,160 ","₹10,850","₹12,999",None,4 GB   , 64 GB   
"realme GT NEO 2 (NEO Black, 256 GB)",4.4,"4,354 ",622 ,"₹35,999","₹12,999",7% off,12 GB   , 256 GB  
"SAMSUNG Galaxy M12 (Black, 64 GB)",4.2,"16,380 ","1,203 ","₹11,769","₹12,999",1% off,4 GB   , 64 GB  
"APPLE iPhone 14 Plus (Midnight, 256 GB)",4.5,214 ,27 ,"₹99,900","₹12,999",None,256 GB  M,None
"REDMI 9 Power (Fiery Red, 128 GB)",4.3,"48,445 ","3,730 ","₹15,880","₹12,999",None,6 GB   , 128 GB  
"Tecno SPARK 7 Pro (Spruce Green, 64 GB)",4.2,"1,485 ",90 ,"₹11,890","₹12,999",None,4 GB   , 64 GB   
"vivo Y33s (Midday Dream, 128 GB)",4.3,"12,030 ","1,093 ","₹18,990","₹12,999",13% off,8 GB   , 128 GB   
"OPPO A31 (Mystery Black, 64 GB)",4.3,"22,005 ","1,457 ","₹12,899","₹12,999",None,4 GB   , 64 GB   
"SAMSUNG Galaxy A04s (Black, 64 GB)",None,None,Non,"₹13,499","₹12,999",15% off,4 GB   , 64 GB  
"APPLE iPhone 12 (Blue, 128 GB)",4.6,"1,84,906 ","12,614 ","₹60,999","₹12,999",6% off,128 GB  M,None
"realme 8 (Cyber Silver, 128 GB)",4.4,"95,159 ","8,362 ","₹17,999","₹12,999",5% off,8 GB   , 128 GB   
"SAMSUNG Galaxy A53 (Awesome Blue, 128 GB)",4.1,"1,142 ",130 ,"₹33,499","₹12,999",16% off,8 GB   , 128 GB   
"LAVA Z2s (Striped Blue, 32 GB)",4.1,103 ,13 ,"₹7,299","₹12,999",8% off,2 GB   , 32 GB   
"Redmi 9A (Sea Blue, 32 GB)",4.3,"14,349 ",904 ,"₹7,699","₹12,999",9% off,3 GB   , 32 GB   
"realme 7 (Mist Blue, 128 GB)",4.3,"89,812 ","8,451 ","₹17,899","₹12,999",None,8 GB   , 128 GB   
"Itel A26 (GRADATION GREEN, 32 GB)",3.9,454 ,39 ,"₹5,489","₹12,999",None,2 GB   , 32 GB  
"vivo V25 Pro 5G (Sailing Blue, 128 GB)",4.3,"5,121 ",721 ,"₹35,999","₹12,999",10% off,8 GB   , 128 GB  
"vivo V25 Pro 5G (Pure Black, 256 GB)",4.3,929 ,118 ,"₹39,999","₹12,999",9% off,12 GB   , 256 GB  
"OPPO A55 (Mint Green, 64 GB)",4.2,655 ,62 ,"₹14,490","₹12,999",23% off,4 GB   , 64 GB   
"LAVA Blaze Pro (Glass Blue, 64 GB)",4.3,116 ,46 ,"₹10,499","₹12,999",19% off,4 GB   , 64 GB   
"OPPO A16E (Blue, 32 GB)",4.3,505 ,17 ,"₹8,999","₹12,999",None,3 GB   , 32 GB   
"APPLE iPhone 12 Mini (Green, 64 GB)",4.5,"1,19,016 ","9,504 ","₹54,999","₹8,449",8% off,64 GB  M,None
"POCO M3 (Cool Blue, 64 GB)",4.3,"1,24,071 ","8,922 ","₹11,890","₹8,449",None,4 GB   , 64 GB   
"OPPO A12 (Deep Blue, 32 GB)",4.4,"74,813 ","4,499 ","₹9,990","₹8,449",9% off,3 GB   , 32 GB   
"Redmi Note 8 (Moonlight White, 64 GB)",4.4,"55,777 ","3,940 ","₹12,999","₹8,449",None,4 GB   , 64 GB   
"REDMI 11 Prime (Playful Green, 128 GB)",3.4,5 ,1 ,"₹15,989","₹8,449",None,6 GB   , 128 GB  
"REDMI Note 10S (Frost White, 128 GB)",4.4,"81,252 ","5,511 ","₹16,499","₹8,449",13% off,6 GB   , 128 GB   
"APPLE iPhone 14 (Midnight, 256 GB)",4.6,551 ,35 ,"₹89,900","₹8,449",None,256 GB  M,None
"Redmi 8A Dual (Sky White, 32 GB)",4.2,"18,159 ","1,184 ","₹8,999","₹8,449",None,3 GB   , 32 GB   
"REDMI 11 Prime (Playful Green, 64 GB)",4.2,22 ,0 ,"₹11,599","₹8,449",1% off,4 GB   , 64 GB  
"REDMI 11 Prime (Flashy Black, 64 GB)",4.2,22 ,0 ,"₹11,448","₹8,449",2% off,4 GB   , 64 GB  
"APPLE iPhone 14 (Blue, 256 GB)",4.6,551 ,35 ,"₹89,900","₹8,449",None,256 GB  M,None
"Redmi Note 11 (Starburst White, 128 GB)",4.2,"8,300 ",661 ,"₹15,899","₹8,449",4% off,6 GB   , 128 GB  
"REDMI 11 Prime 5G (Thunder Black, 64 GB)",4.2,572 ,40 ,"₹13,689","₹8,449",None,4 GB   , 64 GB  
"realme 7 (Mist Blue, 64 GB)",4.4,"2,65,790 ","25,279 ","₹15,249","₹8,449",15% off,6 GB   , 64 GB   
"OPPO A54 (Starry Blue, 64 GB)",4.4,"10,676 ",659 ,"₹12,790","₹8,449",None,4 GB   , 64 GB   
"Maplin MAP3 (Phantom Black, 64 GB)",3.6,51 ,5 ,"₹9,990","₹8,449",None,6 GB   , 64 GB   
"SAMSUNG Galaxy A13 (Black, 128 GB)",4.1,222 ,17 ,"₹16,999","₹8,449",19% off,6 GB   , 128 GB   
"OPPO A15 (Mystery Blue, 32 GB)",4.3,"2,039 ",114 ,"₹9,990","₹8,449",23% off,3 GB   , 32 GB   
"SAMSUNG Galaxy A03 (Red, 64 GB)",4.2,158 ,15 ,"₹11,499","₹8,449",20% off,4 GB   , 64 GB  
"REDMI Note 9 (Pebble Grey, 128 GB)",4.3,"1,23,138 ","9,420 ","₹13,499","₹8,449",18% off,4 GB   , 128 GB   
"OPPO A12 (Flowing Silver, 32 GB)",4.4,"74,813 ","4,499 ","₹9,990","₹8,449",9% off,3 GB   , 32 GB   
"realme C21 (Cross Blue, 32 GB)",4.4,"71,459 ","3,902 ","₹9,500","₹8,449",4% off,3 GB   , 32 GB   
"REDMI 11 Prime 5G (Chrome Silver, 64 GB)",4.2,572 ,40 ,"₹14,499","₹8,449",None,4 GB   , 64 GB  
"LAVA Z2 Max (Stroked Blue, 32 GB)",4.2,294 ,55 ,"₹7,799","₹8,449",7% off,2 GB   , 32 GB   
"REDMI 10A (Sea Blue, 32 GB)",4.1,595 ,47 ,"₹7,750","₹59,999",None,3 GB   , 32 GB  
"SAMSUNG Galaxy M11 (Metallic Blue, 32 GB)",4.2,"10,619 ",859 ,"₹10,999","₹59,999",15% off,3 GB   , 32 GB   
"realme GT NEO 2 (NEO Blue, 256 GB)",4.4,"4,354 ",622 ,"₹35,999","₹59,999",7% off,12 GB   , 256 GB  
"realme C15 (Power Blue, 32 GB)",4.3,"56,198 ","3,835 ","₹10,049","₹59,999",16% off,3 GB   , 32 GB   
"OPPO F19 Pro (Fantastic Purple, 128 GB)",4.3,"9,236 ",758 ,"₹19,490","₹59,999",None,8 GB   , 128 GB   
"Redmi 9 (Carbon Black, 64 GB)",4.2,"26,629 ","1,520 ","₹9,280","₹59,999",None,4 GB   , 64 GB  
"vivo Y33T (Mirror Black, 128 GB)",4.4,"2,384 ",165 ,"₹17,490","₹59,999",None,8 GB   , 128 GB   
"APPLE iPhone 13 Pro Max (Silver, 128 GB)",4.6,"1,727 ",168 ,"₹1,29,900","₹59,999",None,128 GB  M,None
"OnePlus Nord CE 2 Lite 5G (Blue Tide, 128 GB)",4.4,"34,061 ","2,850 ","₹19,899","₹59,999",None,6 GB   , 128 GB  
"REDMI Note 9 (Arctic White, 128 GB)",4.3,"1,23,138 ","9,420 ","₹13,899","₹59,999",None,4 GB   , 128 GB   
"realme C15 Qualcomm Edition (Power Blue, 64 GB)",4.4,"66,668 ","3,524 ","₹12,999","₹59,999",None,4 GB   , 64 GB   
"GIONEE Max (Black, 32 GB)",4,"1,07,345 ","10,376 ","₹5,999","₹59,999",24% off,2 GB   , 32 GB   
"POCO M3 Pro 5G (Cool Blue, 64 GB)",4.3,"62,483 ","4,841 ","₹14,499","₹59,999",9% off,4 GB   , 64 GB   
"OPPO A16k (Blue, 32 GB)",4.3,612 ,37 ,"₹9,780","₹59,999",None,3 GB   , 32 GB   
"SAMSUNG Galaxy M12 (White, 64 GB)",4.2,"16,380 ","1,203 ","₹12,484","₹59,999",None,4 GB   , 64 GB  
"realme GT Neo 3 (Asphalt Black, 256 GB)",4.1,800 ,130 ,"₹39,000","₹59,999",7% off,8 GB   , 256 GB  
"REDMI Note 9 (Scarlet Red, 128 GB)",4.3,"1,23,138 ","9,420 ","₹16,499","₹59,999",None,4 GB   , 128 GB   
"APPLE iPhone 13 Pro (Graphite, 128 GB)",4.6,"1,297 ",111 ,"₹1,19,900","₹59,999",None,128 GB  M,None
"realme Narzo 30 Pro 5G (Blade Silver, 128 GB)",4.3,"28,284 ","2,663 ","₹19,999","₹59,999",9% off,8 GB   , 128 GB   
"OPPO A76 (Glowing Black, 128 GB)",4.3,332 ,26 ,"₹16,490","₹59,999",23% off,6 GB   , 128 GB   
"REDMI Note 10S (Cosmic Purple, 128 GB)",4.4,"81,252 ","5,511 ","₹16,499","₹59,999",13% off,6 GB   , 128 GB   
"REDMI Note 9 (Aqua Green, 128 GB)",4.3,"1,23,138 ","9,420 ","₹15,999","₹59,999",None,4 GB   , 128 GB   
"Xiaomi 12 Pro 5G (Opera Mauve, 256 GB)",4.2,97 ,13 ,"₹54,999","₹59,999",None,8 GB   , 256 GB  
"vivo X80 (Cosmic Black, 128 GB)",4.5,605 ,131 ,"₹54,999","₹59,999",8% off,8 GB   , 128 GB  
"realme Narzo 50i (Carbon Black, 32 GB)",4.5,"1,20,338 ","4,806 ","₹7,499","₹94,900",6% off,2 GB   , 32 GB   
"realme Narzo 50i (Mint Green, 32 GB)",4.5,"1,20,338 ","4,806 ","₹7,499","₹94,900",6% off,2 GB   , 32 GB   
"OPPO A16 (Royal Gold, 64 GB)",4.3,"3,563 ",253 ,"₹12,990","₹94,900",18% off,4 GB   , 64 GB  
"OPPO A12 (Blue, 32 GB)",4.4,"74,813 ","4,499 ","₹9,990","₹94,900",9% off,3 GB   , 32 GB   
"OPPO F19s (Glowing Gold, 128 GB)",4.4,"6,696 ",400 ,"₹15,490","₹94,900",32% off,6 GB   , 128 GB   
"OPPO A57 (Glowing Black, 64 GB)",4.4,"1,849 ",98 ,"₹13,999","₹94,900",17% off,4 GB   , 64 GB   
"REDMI Note 11T 5G (Matte black, 128 GB)",4.2,"5,099 ",419 ,"₹16,490","₹94,900",None,6 GB   , 128 GB  
"OPPO A77 (Sky Blue, 128 GB)",4.4,141 ,8 ,"₹15,999","₹94,900",20% off,4 GB   , 128 GB   
"vivo Y21E (Diamond Glow, 64 GB)",4.3,239 ,16 ,"₹12,240","₹94,900",1% off,3 GB   , 64 GB  
"SAMSUNG Galaxy A03 Core (Onyx, 32 GB)",4,"2,325 ",215 ,"₹7,950","₹94,900",None,2 GB   , 32 GB   
"Tecno Pop 5 Pro (Deepsea Luster, 32 GB)",4.2,340 ,25 ,"₹8,499","₹94,900",None,3 GB   , 32 GB   
"APPLE iPhone 14 Plus (Midnight, 256 GB)",4.5,214 ,27 ,"₹99,900","₹94,900",None,256 GB  M,None
"SAMSUNG M21 2021 Edition (Arctic blue, 64 GB)",4.2,"1,373 ",148 ,"₹11,725","₹94,900",2% off,4 GB   , 64 GB  
"LAVA Z2s (Striped Blue, 32 GB)",4.1,103 ,13 ,"₹7,299","₹94,900",8% off,2 GB   , 32 GB   
"SAMSUNG M32 5G (Sky blue, 128 GB)",4.1,"3,785 ",283 ,"₹18,889","₹94,900",None,6 GB   , 128 GB   
"Tecno Pop 5 Pro (Ice Blue, 32 GB)",4.2,340 ,25 ,"₹8,399","₹94,900",None,3 GB   , 32 GB   
"LYF Earth 2 (White, 32 GB)",3.2,195 ,21 ,"₹5,069","₹94,900",None,3 GB   , 32 GB  
"Itel A26 (GRADATION GREEN, 32 GB)",3.9,454 ,39 ,"₹5,489","₹94,900",None,2 GB   , 32 GB  
"Itel A26 (Light Purple, 32 GB)",3.9,454 ,39 ,"₹5,489","₹94,900",1% off,2 GB   , 32 GB   
"MOTOROLA G51 5G (Bright Silver, 64 GB)",4.1,"15,490 ","1,935 ","₹14,999","₹94,900",16% off,4 GB   , 64 GB   
"REDMI Note 10S (Deep Sea Blue, 128 GB)",4.2,"7,028 ",653 ,"₹18,499","₹94,900",11% off,8 GB   , 128 GB   
"vivo Y21 (Diamond Glow, 128 GB)",4.3,"14,249 ","1,078 ","₹16,969","₹94,900",2% off,4 GB   , 128 GB   
"REDMI Note 9 (Pebble Grey, 128 GB)",4.3,"6,540 ",437 ,"₹18,999","₹94,900",None,6 GB   , 128 GB   
"APPLE iPhone 13 Mini ((PRODUCT)RED, 512 GB)",4.5,"2,930 ",251 ,"₹79,990","₹94,900",15% off,512 GB  M,None
